corp_code,기업명,군,fy,has_report,has_gc,adverse,opinion,auditor,n_kam,sig_t1,why_t1,sig_t2,why_t2,sig_2y,sadv_t1,smiss_t1,sadv_t2,smiss_t2,sigB_t1,sigB_t2,sigB_2y
122339,(주)이매진아시아,콘텐츠,2019,1,0,1,의견거절,울시 서초구 반포대로 306 이정지율회계법인,0,1.0,비적정의견,1.0,보고서 제출 중단,1.0,1.0,0.0,0.0,1.0,1.0,1.0,1.0
122339,(주)이매진아시아,콘텐츠,2020,1,0,1,의견거절,2020년 12월 31일 까지 대주회계법인,0,1.0,보고서 제출 중단,1.0,보고서 제출 중단,1.0,0.0,1.0,0.0,1.0,1.0,1.0,1.0
130772,(주)SBS,콘텐츠,2019,1,0,0,적정,2018년 12월 31일 까지 한영회계법인,1,0.0,,0.0,,0.0,0.0,0.0,0.0,0.0,0.0,0.0,0.0
130772,(주)SBS,콘텐츠,2020,1,0,0,적정,,1,0.0,,0.0,,0.0,0.0,0.0,0.0,0.0,0.0,0.0,0.0
130772,(주)SBS,콘텐츠,2021,1,0,0,적정,,1,0.0,,0.0,,0.0,0.0,0.0,0.0,0.0,0.0,0.0,0.0
130772,(주)SBS,콘텐츠,2022,1,0,0,적정,,0,0.0,,0.0,,0.0,0.0,0.0,0.0,0.0,0.0,0.0,0.0
130772,(주)SBS,콘텐츠,2023,1,0,0,적정,,1,0.0,,,,0.0,0.0,0.0,,,0.0,,0.0
130772,(주)SBS,콘텐츠,2024,1,0,0,적정,,1,,,,,,,,,,,,
140131,(주)키다리스튜디오,콘텐츠,2019,1,0,0,적정,018년 12월 31일 까지 성도이현회계법인,0,0.0,,0.0,,0.0,0.0,0.0,0.0,0.0,0.0,0.0,0.0
140131,(주)키다리스튜디오,콘텐츠,2020,1,0,0,적정,시 강남구 테헤란로 88길 14 한울회계법인,1,0.0,,0.0,,0.0,0.0,0.0,0.0,0.0,0.0,0.0,0.0
140131,(주)키다리스튜디오,콘텐츠,2021,1,0,0,적정,,1,0.0,,0.0,,0.0,0.0,0.0,0.0,0.0,0.0,0.0,0.0
140131,(주)키다리스튜디오,콘텐츠,2022,1,0,0,적정,2021년 12월 31일 까지 한울회계법인,1,0.0,,0.0,,0.0,0.0,0.0,0.0,0.0,0.0,0.0,0.0
140131,(주)키다리스튜디오,콘텐츠,2023,1,0,0,적정,,1,0.0,,,,0.0,0.0,0.0,,,0.0,,0.0
140131,(주)키다리스튜디오,콘텐츠,2024,1,0,0,적정,,1,,,,,,,,,,,,
145437,주식회사 아센디오,콘텐츠,2019,1,1,0,적정,2018년 12월 31일 까지 태율회계법인,0,1.0,GC 재기재,0.0,,1.0,0.0,0.0,0.0,0.0,0.0,0.0,0.0
145437,주식회사 아센디오,콘텐츠,2020,1,1,0,적정,결자본변동표 및 연결현금흐름표는 태율회계법인,1,0.0,,0.0,,0.0,0.0,0.0,0.0,0.0,0.0,0.0,0.0
145437,주식회사 아센디오,콘텐츠,2021,1,0,0,적정,결자본변동표 및 연결현금흐름표는 신한회계법인,1,0.0,,0.0,,0.0,0.0,0.0,0.0,0.0,0.0,0.0,0.0
145437,주식회사 아센디오,콘텐츠,2022,1,0,0,적정,021년 12월 31일 까지 정진세림회계법인,1,0.0,,0.0,,0.0,0.0,0.0,0.0,0.0,0.0,0.0,0.0
145437,주식회사 아센디오,콘텐츠,2023,1,0,0,적정,022년 12월 31일 까지 정진세림회계법인,1,0.0,,,,0.0,0.0,0.0,,,0.0,,0.0
145437,주식회사 아센디오,콘텐츠,2024,1,0,0,적정,651(논현동) 삼원빌딩 7층 정동회계법인,1,,,,,,,,,,,,
146427,한주에이알티(주),콘텐츠,2019,1,0,0,적정,,0,0.0,,0.0,,0.0,0.0,0.0,0.0,0.0,0.0,0.0,0.0
146427,한주에이알티(주),콘텐츠,2020,1,0,0,적정,,1,0.0,,0.0,,0.0,0.0,0.0,0.0,0.0,0.0,0.0,0.0
146427,한주에이알티(주),콘텐츠,2021,1,0,0,적정,021년 12월 31일 까지 정진세림회계법인,1,0.0,,0.0,,0.0,0.0,0.0,0.0,0.0,0.0,0.0,0.0
146427,한주에이알티(주),콘텐츠,2022,1,0,0,적정,2022년 12월 31일 까지 선진회계법인,1,0.0,,1.0,GC 재기재,1.0,0.0,0.0,0.0,0.0,0.0,0.0,0.0
146427,한주에이알티(주),콘텐츠,2023,1,0,0,적정,2022년 12월 31일 까지 선진회계법인,1,1.0,GC 재기재,,,1.0,0.0,0.0,,,0.0,,0.0
146427,한주에이알티(주),콘텐츠,2024,1,1,0,적정,2023년 12월 31일 까지 선진회계법인,1,,,,,,,,,,,,
154426,(주)아이에이치큐,콘텐츠,2019,1,0,0,적정,2018년 12월 31일 까지 삼일회계법인,1,0.0,,0.0,,0.0,0.0,0.0,0.0,0.0,0.0,0.0,0.0
154426,(주)아이에이치큐,콘텐츠,2020,1,0,0,적정,2019년 12월 31일 까지 삼일회계법인,1,0.0,,1.0,"비적정의견, GC 재기재",1.0,0.0,0.0,1.0,0.0,0.0,1.0,1.0
154426,(주)아이에이치큐,콘텐츠,2021,1,0,0,적정,2020년 12월 31일 까지 삼일회계법인,1,1.0,"비적정의견, GC 재기재",1.0,"비적정의견, GC 재기재",1.0,1.0,0.0,1.0,0.0,1.0,1.0,1.0
154426,(주)아이에이치큐,콘텐츠,2022,1,1,1,의견거절,2021년 12월 31일 까지 삼일회계법인,0,1.0,"비적정의견, GC 재기재",1.0,비적정의견,1.0,1.0,0.0,1.0,0.0,1.0,1.0,1.0
154426,(주)아이에이치큐,콘텐츠,2023,1,1,1,의견거절,료되는 보고기간의 연결재무제표는 삼일회계법인,0,1.0,비적정의견,,,1.0,1.0,0.0,,,1.0,,1.0
154426,(주)아이에이치큐,콘텐츠,2024,1,0,1,의견거절,,0,,,,,,,,,,,,
173449,(주)빌리언스,콘텐츠,2019,1,0,0,적정,2019년 12월 31일 까지 대현회계법인,0,0.0,,0.0,,0.0,0.0,0.0,0.0,0.0,0.0,0.0,0.0
173449,(주)빌리언스,콘텐츠,2020,1,0,0,적정,,2,0.0,,0.0,,0.0,0.0,0.0,0.0,0.0,0.0,0.0,0.0
173449,(주)빌리언스,콘텐츠,2021,1,0,0,적정,2021년 12월 31일 까지 한길회계법인,2,0.0,,0.0,,0.0,0.0,0.0,0.0,0.0,0.0,0.0,0.0
173449,(주)빌리언스,콘텐츠,2022,1,0,0,적정,2021년 12월 31일 까지 한길회계법인,0,0.0,,0.0,,0.0,0.0,0.0,0.0,0.0,0.0,0.0,0.0
173449,(주)빌리언스,콘텐츠,2023,1,0,0,적정,,0,0.0,,,,0.0,0.0,0.0,,,0.0,,0.0
173449,(주)빌리언스,콘텐츠,2024,1,0,0,적정,결자본변동표 및 연결현금흐름표는 한길회계법인,1,,,,,,,,,,,,
200275,(주)와이티엔,콘텐츠,2019,1,0,0,적정,강남파이낸스센터 27층) 삼정회계법인,1,0.0,,0.0,,0.0,0.0,0.0,0.0,0.0,0.0,0.0,0.0
200275,(주)와이티엔,콘텐츠,2020,1,0,0,적정,2020년 12월 31일 까지 삼덕회계법인,1,0.0,,0.0,,0.0,0.0,0.0,0.0,0.0,0.0,0.0,0.0
200275,(주)와이티엔,콘텐츠,2021,1,0,0,적정,2020년 12월 31일 까지 삼덕회계법인,1,0.0,,0.0,,0.0,0.0,0.0,0.0,0.0,0.0,0.0,0.0
200275,(주)와이티엔,콘텐츠,2022,1,0,0,적정,2021년 12월 31일 까지 삼덕회계법인,1,0.0,,0.0,,0.0,0.0,0.0,0.0,0.0,0.0,0.0,0.0
200275,(주)와이티엔,콘텐츠,2023,1,0,0,적정,2023년 12월 31일 까지 신한회계법인,1,0.0,,,,0.0,0.0,0.0,,,0.0,,0.0
200275,(주)와이티엔,콘텐츠,2024,1,0,0,적정,2023년 12월 31일 까지 신한회계법인,1,,,,,,,,,,,,
203315,(주)콘텐트리중앙,콘텐츠,2019,1,0,0,적정,,2,0.0,,0.0,,0.0,0.0,0.0,0.0,0.0,0.0,0.0,0.0
203315,(주)콘텐트리중앙,콘텐츠,2020,1,0,0,적정,종료되는 보고기간의 재무제표는 삼일회계법인,1,0.0,,0.0,,0.0,0.0,0.0,0.0,0.0,0.0,0.0,0.0
203315,(주)콘텐트리중앙,콘텐츠,2021,1,0,0,적정,020년 12월 31일 까지 대성삼경회계법인,1,0.0,,0.0,,0.0,0.0,0.0,0.0,0.0,0.0,0.0,0.0
203315,(주)콘텐트리중앙,콘텐츠,2022,1,0,0,적정,021년 12월 31일 까지 대성삼경회계법인,1,0.0,,0.0,,0.0,0.0,0.0,0.0,0.0,0.0,0.0,0.0
203315,(주)콘텐트리중앙,콘텐츠,2023,1,0,0,적정,2023년 12월 31일 까지 안진회계법인,1,0.0,,,,0.0,0.0,0.0,,,0.0,,0.0
203315,(주)콘텐트리중앙,콘텐츠,2024,1,0,0,적정,2023년 12월 31일 까지 안진회계법인,1,,,,,,,,,,,,
204642,(주)티비씨,콘텐츠,2019,1,0,0,적정,,1,0.0,,0.0,,0.0,0.0,0.0,0.0,0.0,0.0,0.0,0.0
204642,(주)티비씨,콘텐츠,2020,1,0,0,미상,료되는 보고기간의 연결재무제표는 신한회계법인,1,0.0,,0.0,,0.0,0.0,0.0,0.0,0.0,0.0,0.0,0.0
204642,(주)티비씨,콘텐츠,2021,1,0,0,미상,료되는 보고기간의 연결재무제표는 선일회계법인,1,0.0,,0.0,,0.0,0.0,0.0,0.0,0.0,0.0,0.0,0.0
204642,(주)티비씨,콘텐츠,2022,1,0,0,미상,별시 서초구 강남대로 221 동아송강회계법인,1,0.0,,0.0,,0.0,0.0,0.0,0.0,0.0,0.0,0.0,0.0
204642,(주)티비씨,콘텐츠,2023,1,0,0,적정,별시 서초구 강남대로 221 동아송강회계법인,1,0.0,,,,0.0,0.0,0.0,,,0.0,,0.0
204642,(주)티비씨,콘텐츠,2024,1,0,0,미상,,1,,,,,,,,,,,,
207755,(주)지에스홈쇼핑,콘텐츠,2019,1,0,0,적정,강남파이낸스센터 27층) 삼정회계법인,0,0.0,,1.0,보고서 제출 중단,1.0,0.0,0.0,0.0,1.0,0.0,1.0,1.0
207755,(주)지에스홈쇼핑,콘텐츠,2020,1,0,0,적정,종료된 보고기간의 연결재무제표는 삼정회계법인,1,1.0,보고서 제출 중단,1.0,보고서 제출 중단,1.0,0.0,1.0,0.0,1.0,1.0,1.0,1.0
208134,(주)케이엔엔,콘텐츠,2019,1,0,0,적정,2018년 12월 31일 까지 안경회계법인,1,0.0,,0.0,,0.0,0.0,0.0,0.0,0.0,0.0,0.0,0.0
208134,(주)케이엔엔,콘텐츠,2020,1,0,0,적정,,1,0.0,,0.0,,0.0,0.0,0.0,0.0,0.0,0.0,0.0,0.0
208134,(주)케이엔엔,콘텐츠,2021,1,0,0,적정,,1,0.0,,0.0,,0.0,0.0,0.0,0.0,0.0,0.0,0.0,0.0
208134,(주)케이엔엔,콘텐츠,2022,1,0,0,적정,,1,0.0,,0.0,,0.0,0.0,0.0,0.0,0.0,0.0,0.0,0.0
208134,(주)케이엔엔,콘텐츠,2023,1,0,0,적정,용 4 2024년 02월 02일 안경회계법인,1,0.0,,,,0.0,0.0,0.0,,,0.0,,0.0
208134,(주)케이엔엔,콘텐츠,2024,1,0,0,적정,론 2 2024년 07월 24일 안경회계법인,1,,,,,,,,,,,,
222532,(주)엘지헬로비전,콘텐츠,2019,1,0,0,적정,,2,0.0,,0.0,,0.0,0.0,0.0,0.0,0.0,0.0,0.0,0.0
222532,(주)엘지헬로비전,콘텐츠,2020,1,0,0,적정,,1,0.0,,0.0,,0.0,0.0,0.0,0.0,0.0,0.0,0.0,0.0
222532,(주)엘지헬로비전,콘텐츠,2021,1,0,0,적정,2020년 12월 31일 까지 안진회계법인,1,0.0,,0.0,,0.0,0.0,0.0,0.0,0.0,0.0,0.0,0.0
222532,(주)엘지헬로비전,콘텐츠,2022,1,0,0,적정,2021년 12월 31일 까지 안진회계법인,0,0.0,,0.0,,0.0,0.0,0.0,0.0,0.0,0.0,0.0,0.0
222532,(주)엘지헬로비전,콘텐츠,2023,1,0,0,적정,2022년 12월 31일 까지 안진회계법인,0,0.0,,,,0.0,0.0,0.0,,,0.0,,0.0
222532,(주)엘지헬로비전,콘텐츠,2024,1,0,0,적정,2023년 12월 31일 까지 안진회계법인,0,,,,,,,,,,,,
223762,(주)케이티지니뮤직,콘텐츠,2019,1,0,0,적정,강남파이낸스센터 27층) 삼정회계법인,0,0.0,,0.0,,0.0,0.0,0.0,0.0,0.0,0.0,0.0,0.0
223762,(주)케이티지니뮤직,콘텐츠,2020,1,0,0,적정,종료되는 보고기간의 재무제표는 삼정회계법인,1,0.0,,0.0,,0.0,0.0,0.0,0.0,0.0,0.0,0.0,0.0
223762,(주)케이티지니뮤직,콘텐츠,2021,1,0,0,적정,,2,0.0,,0.0,,0.0,0.0,0.0,0.0,0.0,0.0,0.0,0.0
223762,(주)케이티지니뮤직,콘텐츠,2022,1,0,0,적정,,1,0.0,,0.0,,0.0,0.0,0.0,0.0,0.0,0.0,0.0,0.0
223762,(주)케이티지니뮤직,콘텐츠,2023,1,0,0,적정,강남파이낸스센터 27층) 삼정회계법인,1,0.0,,,,0.0,0.0,0.0,,,0.0,,0.0
223762,(주)케이티지니뮤직,콘텐츠,2024,1,0,0,적정,강남파이낸스센터 27층) 삼정회계법인,1,,,,,,,,,,,,
230036,(주)드래곤플라이,게임,2019,1,0,0,적정,강남파이낸스센터 27층) 삼정회계법인,0,0.0,,0.0,,0.0,0.0,0.0,0.0,0.0,0.0,0.0,0.0
230036,(주)드래곤플라이,게임,2020,1,0,0,적정,강남파이낸스센터 27층) 삼정회계법인,1,0.0,,0.0,,0.0,0.0,0.0,0.0,0.0,0.0,0.0,0.0
230036,(주)드래곤플라이,게임,2021,1,0,0,적정,료되는 보고기간의 연결재무제표는 삼정회계법인,1,0.0,,0.0,,0.0,0.0,0.0,0.0,0.0,0.0,0.0,0.0
230036,(주)드래곤플라이,게임,2022,1,0,0,적정,2021년 12월 31일 까지 선진회계법인,1,0.0,,1.0,비적정의견,1.0,0.0,0.0,1.0,0.0,0.0,1.0,1.0
230036,(주)드래곤플라이,게임,2023,1,0,0,적정,2022년 12월 31일 까지 선진회계법인,1,1.0,비적정의견,,,1.0,1.0,0.0,,,1.0,,1.0
230036,(주)드래곤플라이,게임,2024,1,0,1,의견거절,료되는 보고기간의 연결재무제표는 선진회계법인,0,,,,,,,,,,,,
231691,(주)판타지오,콘텐츠,2019,1,1,0,적정,018년 12월 31일 까지 성도이현회계법인,0,0.0,,0.0,,0.0,0.0,0.0,0.0,0.0,0.0,0.0,0.0
231691,(주)판타지오,콘텐츠,2020,1,0,0,적정,2019년 12월 31일 까지 성현회계법인,2,0.0,,0.0,,0.0,0.0,0.0,0.0,0.0,0.0,0.0,0.0
231691,(주)판타지오,콘텐츠,2021,1,0,0,적정,,3,0.0,,0.0,,0.0,0.0,0.0,0.0,0.0,0.0,0.0,0.0
231691,(주)판타지오,콘텐츠,2022,1,0,0,적정,2022년 06월 30일 까지 신우회계법인,1,0.0,,0.0,,0.0,0.0,0.0,0.0,0.0,0.0,0.0,0.0
231691,(주)판타지오,콘텐츠,2023,1,0,0,적정,2022년 06월 30일 까지 신우회계법인,1,0.0,,,,0.0,0.0,0.0,,,0.0,,0.0
231691,(주)판타지오,콘텐츠,2024,1,0,0,적정,2023년 06월 30일 까지 신우회계법인,1,,,,,,,,,,,,
249441,(주)씨씨에스충북방송,콘텐츠,2019,1,1,0,적정,2019년 12월 31일 까지 세정회계법인,0,1.0,GC 재기재,0.0,,1.0,0.0,0.0,0.0,0.0,0.0,0.0,0.0
249441,(주)씨씨에스충북방송,콘텐츠,2020,1,1,0,적정,별시 강남구 영동대로 333 대성삼경회계법인,2,0.0,,0.0,,0.0,0.0,0.0,0.0,0.0,0.0,0.0,0.0
249441,(주)씨씨에스충북방송,콘텐츠,2021,1,0,0,적정,,2,0.0,,0.0,,0.0,0.0,0.0,0.0,0.0,0.0,0.0,0.0
249441,(주)씨씨에스충북방송,콘텐츠,2022,1,0,0,미상,별시 서초구 강남대로 221 동아송강회계법인,1,0.0,,0.0,,0.0,0.0,0.0,0.0,0.0,0.0,0.0,0.0
249441,(주)씨씨에스충북방송,콘텐츠,2023,1,0,0,미상,별시 서초구 강남대로 221 동아송강회계법인,1,0.0,,,,0.0,0.0,0.0,,,0.0,,0.0
249441,(주)씨씨에스충북방송,콘텐츠,2024,1,0,0,적정,보고기간의 연결 재무제표는 동아송강회계법인,0,,,,,,,,,,,,
258689,(주)제이와이피엔터테인먼트,콘텐츠,2019,1,0,0,적정,2018년 12월 31일 까지 한미회계법인,2,0.0,,0.0,,0.0,0.0,0.0,0.0,0.0,0.0,0.0,0.0
258689,(주)제이와이피엔터테인먼트,콘텐츠,2020,1,0,0,적정,2019년 12월 31일 까지 한미회계법인,2,0.0,,0.0,,0.0,0.0,0.0,0.0,0.0,0.0,0.0,0.0
258689,(주)제이와이피엔터테인먼트,콘텐츠,2021,1,0,0,적정,2021년 12월 31일 까지 이정회계법인,2,0.0,,0.0,,0.0,0.0,0.0,0.0,0.0,0.0,0.0,0.0
258689,(주)제이와이피엔터테인먼트,콘텐츠,2022,1,0,0,적정,2021년 12월 31일 까지 이정회계법인,2,0.0,,0.0,,0.0,0.0,0.0,0.0,0.0,0.0,0.0,0.0
258689,(주)제이와이피엔터테인먼트,콘텐츠,2023,1,0,0,적정,2022년 12월 31일 까지 이정회계법인,1,0.0,,,,0.0,0.0,0.0,,,0.0,,0.0
258689,(주)제이와이피엔터테인먼트,콘텐츠,2024,1,0,0,적정,강남파이낸스센터 27층) 삼정회계법인,1,,,,,,,,,,,,
259590,(주)바른손이앤에이,콘텐츠,2019,1,0,0,적정,별시 강남구 남부순환로 2913 대주회계법인,1,0.0,,0.0,,0.0,0.0,0.0,0.0,0.0,0.0,0.0,0.0
259590,(주)바른손이앤에이,콘텐츠,2020,1,0,0,적정,별시 강남구 남부순환로 2913 대주회계법인,0,0.0,,0.0,,0.0,0.0,0.0,0.0,0.0,0.0,0.0,0.0
259590,(주)바른손이앤에이,콘텐츠,2021,1,0,0,적정,부터 2021년 12월 31일 까지 회계법인,1,0.0,,0.0,,0.0,0.0,0.0,0.0,0.0,0.0,0.0,0.0
259590,(주)바른손이앤에이,콘텐츠,2022,1,0,0,적정,부터 2021년 12월 31일 까지 회계법인,1,0.0,,0.0,,0.0,0.0,0.0,0.0,0.0,0.0,0.0,0.0
259590,(주)바른손이앤에이,콘텐츠,2023,1,0,0,적정,부터 2022년 12월 31일 까지 회계법인,2,0.0,,,,0.0,0.0,0.0,,,0.0,,0.0
259590,(주)바른손이앤에이,콘텐츠,2024,1,0,0,적정,2024년 12월 31일 까지 예일회계법인,2,,,,,,,,,,,,
260930,(주)에스엠엔터테인먼트,콘텐츠,2019,1,0,0,적정,2018년 12월 31일 까지 삼일회계법인,1,0.0,,0.0,,0.0,0.0,0.0,0.0,0.0,0.0,0.0,0.0
260930,(주)에스엠엔터테인먼트,콘텐츠,2020,1,0,0,적정,강남파이낸스센터 27층) 삼정회계법인,1,0.0,,0.0,,0.0,0.0,0.0,0.0,0.0,0.0,0.0,0.0
260930,(주)에스엠엔터테인먼트,콘텐츠,2021,1,0,0,적정,강남파이낸스센터 27층) 삼정회계법인,1,0.0,,0.0,,0.0,0.0,0.0,0.0,0.0,0.0,0.0,0.0
260930,(주)에스엠엔터테인먼트,콘텐츠,2022,1,0,0,적정,강남파이낸스센터 27층) 삼정회계법인,1,0.0,,0.0,,0.0,0.0,0.0,0.0,0.0,0.0,0.0,0.0
260930,(주)에스엠엔터테인먼트,콘텐츠,2023,1,0,0,적정,2023년 12월 31일 까지 삼일회계법인,1,0.0,,,,0.0,0.0,0.0,,,0.0,,0.0
260930,(주)에스엠엔터테인먼트,콘텐츠,2024,1,0,0,적정,강남파이낸스센터 27층) 삼정회계법인,0,,,,,,,,,,,,
263371,(주)한국경제티브이,콘텐츠,2019,1,0,0,적정,2018년 12월 31일 까지 삼일회계법인,1,0.0,,0.0,,0.0,0.0,0.0,0.0,0.0,0.0,0.0,0.0
263371,(주)한국경제티브이,콘텐츠,2020,1,0,0,적정,2019년 12월 31일 까지 삼일회계법인,1,0.0,,0.0,,0.0,0.0,0.0,0.0,0.0,0.0,0.0,0.0
263371,(주)한국경제티브이,콘텐츠,2021,1,0,0,적정,2021년 12월 31일 까지 대주회계법인,1,0.0,,0.0,,0.0,0.0,0.0,0.0,0.0,0.0,0.0,0.0
263371,(주)한국경제티브이,콘텐츠,2022,1,0,0,적정,2021년 12월 31일 까지 대주회계법인,1,0.0,,0.0,,0.0,0.0,0.0,0.0,0.0,0.0,0.0,0.0
263371,(주)한국경제티브이,콘텐츠,2023,1,0,0,적정,2022년 12월 31일 까지 대주회계법인,1,0.0,,,,0.0,0.0,0.0,,,0.0,,0.0
263371,(주)한국경제티브이,콘텐츠,2024,1,0,0,미상,2024년 12월 31일 까지 삼일회계법인,1,,,,,,,,,,,,
265324,(주)씨제이이엔엠,콘텐츠,2019,1,0,0,적정,2018년 12월 31일 까지 삼일회계법인,2,0.0,,0.0,,0.0,0.0,0.0,0.0,0.0,0.0,0.0,0.0
265324,(주)씨제이이엔엠,콘텐츠,2020,1,0,0,적정,2019년 12월 31일 까지 삼일회계법인,1,0.0,,0.0,,0.0,0.0,0.0,0.0,0.0,0.0,0.0,0.0
265324,(주)씨제이이엔엠,콘텐츠,2021,1,0,0,적정,2020년 12월 31일 까지 삼일회계법인,1,0.0,,0.0,,0.0,0.0,0.0,0.0,0.0,0.0,0.0,0.0
265324,(주)씨제이이엔엠,콘텐츠,2022,1,0,0,적정,2022년 12월 31일 까지 삼정회계법인,1,0.0,,0.0,,0.0,0.0,0.0,0.0,0.0,0.0,0.0,0.0
265324,(주)씨제이이엔엠,콘텐츠,2023,1,0,0,적정,강남파이낸스센터 27층) 삼정회계법인,1,0.0,,,,0.0,0.0,0.0,,,0.0,,0.0
265324,(주)씨제이이엔엠,콘텐츠,2024,1,0,0,적정,강남파이낸스센터 27층) 삼정회계법인,1,,,,,,,,,,,,
266943,넥슨지티(주),게임,2019,1,0,0,적정,2018년 12월 31일 까지 삼일회계법인,1,0.0,,0.0,,0.0,0.0,0.0,0.0,0.0,0.0,0.0,0.0
266943,넥슨지티(주),게임,2020,1,0,0,적정,2019년 12월 31일 까지 삼일회계법인,1,0.0,,1.0,보고서 제출 중단,1.0,0.0,0.0,0.0,1.0,0.0,1.0,1.0
266943,넥슨지티(주),게임,2021,1,0,0,적정,2021년 12월 31일 까지 한영회계법인,1,1.0,보고서 제출 중단,1.0,보고서 제출 중단,1.0,0.0,1.0,0.0,1.0,1.0,1.0,1.0
280688,스튜디오에스(주),콘텐츠,2019,1,0,0,적정,2018년 12월 31일 까지 한영회계법인,1,0.0,,0.0,,0.0,0.0,0.0,0.0,0.0,0.0,0.0,0.0
280688,스튜디오에스(주),콘텐츠,2020,1,0,0,적정,2019년 12월 31일 까지 한영회계법인,1,0.0,,0.0,,0.0,0.0,0.0,0.0,0.0,0.0,0.0,0.0
280688,스튜디오에스(주),콘텐츠,2021,1,0,0,적정,2020년 12월 31일 까지 한영회계법인,1,0.0,,0.0,,0.0,0.0,0.0,0.0,0.0,0.0,0.0,0.0
280688,스튜디오에스(주),콘텐츠,2022,1,0,0,적정,2021년 12월 31일 까지 한영회계법인,1,0.0,,1.0,보고서 제출 중단,1.0,0.0,0.0,0.0,1.0,0.0,1.0,1.0
280688,스튜디오에스(주),콘텐츠,2023,1,0,0,적정,2022년 12월 31일 까지 한영회계법인,0,1.0,보고서 제출 중단,,,1.0,0.0,1.0,,,1.0,,1.0
299464,(주)초록뱀미디어,콘텐츠,2019,1,0,0,적정,2018년 12월 31일 까지 성현회계법인,2,0.0,,0.0,,0.0,0.0,0.0,0.0,0.0,0.0,0.0,0.0
299464,(주)초록뱀미디어,콘텐츠,2020,1,0,0,적정,2020년 12월 31일 까지 동현회계법인,2,0.0,,0.0,,0.0,0.0,0.0,0.0,0.0,0.0,0.0,0.0
299464,(주)초록뱀미디어,콘텐츠,2021,1,0,0,적정,2021년 12월 31일 까지 삼일회계법인,1,0.0,,0.0,,0.0,0.0,0.0,0.0,0.0,0.0,0.0,0.0
299464,(주)초록뱀미디어,콘텐츠,2022,1,0,0,적정,2021년 12월 31일 까지 삼일회계법인,0,0.0,,0.0,,0.0,0.0,0.0,0.0,0.0,0.0,0.0,0.0
299464,(주)초록뱀미디어,콘텐츠,2023,1,0,0,적정,2022년 12월 31일 까지 삼일회계법인,2,0.0,,,,0.0,0.0,0.0,,,0.0,,0.0
299464,(주)초록뱀미디어,콘텐츠,2024,1,0,0,적정,2023년 12월 31일 까지 삼일회계법인,2,,,,,,,,,,,,
301112,(주)삼화네트웍스,콘텐츠,2019,1,0,0,적정,2018년 12월 31일 까지 대주회계법인,0,0.0,,0.0,,0.0,0.0,0.0,0.0,0.0,0.0,0.0,0.0
301112,(주)삼화네트웍스,콘텐츠,2020,1,0,0,적정,2019년 12월 31일 까지 대주회계법인,1,0.0,,0.0,,0.0,0.0,0.0,0.0,0.0,0.0,0.0,0.0
301112,(주)삼화네트웍스,콘텐츠,2021,1,0,0,적정,2020년 12월 31일 까지 대주회계법인,1,0.0,,0.0,,0.0,0.0,0.0,0.0,0.0,0.0,0.0,0.0
301112,(주)삼화네트웍스,콘텐츠,2022,1,0,0,적정,2021년 12월 31일 까지 대주회계법인,1,0.0,,0.0,,0.0,0.0,0.0,0.0,0.0,0.0,0.0,0.0
301112,(주)삼화네트웍스,콘텐츠,2023,1,0,0,적정,2022년 12월 31일 까지 대주회계법인,1,0.0,,,,0.0,0.0,0.0,,,0.0,,0.0
301112,(주)삼화네트웍스,콘텐츠,2024,1,0,0,적정,2024년 12월 31일 까지 도원회계법인,1,,,,,,,,,,,,
303794,(주)쇼박스,콘텐츠,2019,1,0,0,적정,2018년 12월 31일 까지 한영회계법인,1,0.0,,0.0,,0.0,0.0,0.0,0.0,0.0,0.0,0.0,0.0
303794,(주)쇼박스,콘텐츠,2020,1,0,0,적정,2019년 12월 31일 까지 한영회계법인,1,0.0,,0.0,,0.0,0.0,0.0,0.0,0.0,0.0,0.0,0.0
303794,(주)쇼박스,콘텐츠,2021,1,0,0,적정,2020년 12월 31일 까지 한영회계법인,1,0.0,,0.0,,0.0,0.0,0.0,0.0,0.0,0.0,0.0,0.0
303794,(주)쇼박스,콘텐츠,2022,1,0,0,적정,2022년 12월 31일 까지 삼일회계법인,1,0.0,,0.0,,0.0,0.0,0.0,0.0,0.0,0.0,0.0,0.0
303794,(주)쇼박스,콘텐츠,2023,1,0,0,적정,2022년 12월 31일 까지 삼일회계법인,1,0.0,,,,0.0,0.0,0.0,,,0.0,,0.0
303794,(주)쇼박스,콘텐츠,2024,1,0,0,적정,강남파이낸스센터 27층) 삼정회계법인,1,,,,,,,,,,,,
303873,씨제이씨지브이(주),콘텐츠,2019,1,0,0,적정,강남파이낸스센터 27층) 삼정회계법인,4,0.0,,0.0,,0.0,0.0,0.0,0.0,0.0,0.0,0.0,0.0
303873,씨제이씨지브이(주),콘텐츠,2020,1,0,0,적정,강남파이낸스센터 27층) 삼정회계법인,2,0.0,,0.0,,0.0,0.0,0.0,0.0,0.0,0.0,0.0,0.0
303873,씨제이씨지브이(주),콘텐츠,2021,1,0,0,적정,강남파이낸스센터 27층) 삼정회계법인,2,0.0,,0.0,,0.0,0.0,0.0,0.0,0.0,0.0,0.0,0.0
303873,씨제이씨지브이(주),콘텐츠,2022,1,0,0,적정,강남파이낸스센터 27층) 삼정회계법인,2,0.0,,0.0,,0.0,0.0,0.0,0.0,0.0,0.0,0.0,0.0
303873,씨제이씨지브이(주),콘텐츠,2023,1,0,0,적정,2022년 12월 31일 까지 삼정회계법인,2,0.0,,,,0.0,0.0,0.0,,,0.0,,0.0
303873,씨제이씨지브이(주),콘텐츠,2024,1,0,0,적정,강남파이낸스센터 27층) 삼정회계법인,2,,,,,,,,,,,,
347877,(주)세영디앤씨,콘텐츠,2019,1,0,1,의견거절,2019년 12월 31일 까지 대현회계법인,0,1.0,비적정의견,1.0,비적정의견,1.0,1.0,0.0,1.0,0.0,1.0,1.0,1.0
347877,(주)세영디앤씨,콘텐츠,2020,1,0,1,의견거절,2020년 12월 31일 까지 이촌회계법인,0,1.0,비적정의견,1.0,비적정의견,1.0,1.0,0.0,1.0,0.0,1.0,1.0,1.0
347877,(주)세영디앤씨,콘텐츠,2021,1,0,1,의견거절,2021년 12월 31일 까지 삼화회계법인,0,1.0,비적정의견,0.0,,1.0,1.0,0.0,0.0,0.0,1.0,0.0,1.0
347877,(주)세영디앤씨,콘텐츠,2022,1,0,1,의견거절,2022년 12월 31일 까지 대현회계법인,0,0.0,,0.0,,0.0,0.0,0.0,0.0,0.0,0.0,0.0,0.0
347877,(주)세영디앤씨,콘텐츠,2023,1,0,0,적정,료되는 보고기간의 연결재무제표는 대현회계법인,0,0.0,,,,0.0,0.0,0.0,,,0.0,,0.0
347877,(주)세영디앤씨,콘텐츠,2024,1,0,0,적정,2023년 12월 31일 까지 대현회계법인,0,,,,,,,,,,,,
348034,(주)액토즈소프트,게임,2019,1,0,0,적정,2018년 12월 31일 까지 삼일회계법인,1,0.0,,0.0,,0.0,0.0,0.0,0.0,0.0,0.0,0.0,0.0
348034,(주)액토즈소프트,게임,2020,1,0,0,적정,2019년 12월 31일 까지 삼일회계법인,1,0.0,,0.0,,0.0,0.0,0.0,0.0,0.0,0.0,0.0,0.0
348034,(주)액토즈소프트,게임,2021,1,0,0,적정,강남파이낸스센터 27층) 삼정회계법인,1,0.0,,0.0,,0.0,0.0,0.0,0.0,0.0,0.0,0.0,0.0
348034,(주)액토즈소프트,게임,2022,1,0,0,적정,강남파이낸스센터 27층) 삼정회계법인,1,0.0,,0.0,,0.0,0.0,0.0,0.0,0.0,0.0,0.0,0.0
348034,(주)액토즈소프트,게임,2023,1,0,0,적정,2022년 12월 31일 까지 삼정회계법인,1,0.0,,,,0.0,0.0,0.0,,,0.0,,0.0
348034,(주)액토즈소프트,게임,2024,1,0,0,적정,2023년 12월 31일 까지 한울회계법인,1,,,,,,,,,,,,
348292,(주)한빛소프트,게임,2019,1,0,0,적정,2018년 12월 31일 까지 한미회계법인,0,0.0,,0.0,,0.0,0.0,0.0,0.0,0.0,0.0,0.0,0.0
348292,(주)한빛소프트,게임,2020,1,0,0,적정,2019년 12월 31일 까지 한미회계법인,1,0.0,,0.0,,0.0,0.0,0.0,0.0,0.0,0.0,0.0,0.0
348292,(주)한빛소프트,게임,2021,1,0,0,적정,2020년 12월 31일 까지 한미회계법인,1,0.0,,0.0,,0.0,0.0,0.0,0.0,0.0,0.0,0.0,0.0
348292,(주)한빛소프트,게임,2022,1,0,0,적정,2021년 12월 31일 까지 한미회계법인,1,0.0,,0.0,,0.0,0.0,0.0,0.0,0.0,0.0,0.0,0.0
348292,(주)한빛소프트,게임,2023,1,0,0,적정,2023년 12월 31일 까지 안진회계법인,1,0.0,,,,0.0,0.0,0.0,,,0.0,,0.0
348292,(주)한빛소프트,게임,2024,1,0,0,적정,2023년 12월 31일 까지 안진회계법인,1,,,,,,,,,,,,
349097,(주)케이티스카이라이프,콘텐츠,2019,1,0,0,적정,,1,0.0,,0.0,,0.0,0.0,0.0,0.0,0.0,0.0,0.0,0.0
349097,(주)케이티스카이라이프,콘텐츠,2020,1,0,0,적정,,1,0.0,,0.0,,0.0,0.0,0.0,0.0,0.0,0.0,0.0,0.0
349097,(주)케이티스카이라이프,콘텐츠,2021,1,0,0,적정,,2,0.0,,0.0,,0.0,0.0,0.0,0.0,0.0,0.0,0.0,0.0
349097,(주)케이티스카이라이프,콘텐츠,2022,1,0,0,적정,료되는 보고기간의 연결재무제표는 안진회계법인,1,0.0,,0.0,,0.0,0.0,0.0,0.0,0.0,0.0,0.0,0.0
349097,(주)케이티스카이라이프,콘텐츠,2023,1,0,0,적정,2022년 12월 31일 까지 삼일회계법인,1,0.0,,,,0.0,0.0,0.0,,,0.0,,0.0
349097,(주)케이티스카이라이프,콘텐츠,2024,1,0,0,적정,2023년 12월 31일 까지 삼일회계법인,1,,,,,,,,,,,,
353762,(주)키이스트,콘텐츠,2019,1,0,0,적정,2018년 12월 31일 까지 신우회계법인,0,0.0,,0.0,,0.0,0.0,0.0,0.0,0.0,0.0,0.0,0.0
353762,(주)키이스트,콘텐츠,2020,1,0,0,적정,2019년 12월 31일 까지 신우회계법인,1,0.0,,0.0,,0.0,0.0,0.0,0.0,0.0,0.0,0.0,0.0
353762,(주)키이스트,콘텐츠,2021,1,0,0,적정,2020년 12월 31일 까지 신우회계법인,1,0.0,,0.0,,0.0,0.0,0.0,0.0,0.0,0.0,0.0,0.0
353762,(주)키이스트,콘텐츠,2022,1,0,0,적정,2021년 12월 31일 까지 신우회계법인,1,0.0,,0.0,,0.0,0.0,0.0,0.0,0.0,0.0,0.0,0.0
353762,(주)키이스트,콘텐츠,2023,1,0,0,적정,2022년 12월 31일 까지 신우회계법인,1,0.0,,,,0.0,0.0,0.0,,,0.0,,0.0
353762,(주)키이스트,콘텐츠,2024,1,0,0,적정,2024년 12월 31일 까지 정동회계법인,1,,,,,,,,,,,,
359474,(주)제이웨이,콘텐츠,2019,1,0,0,적정,018년 12월 31일 까지 대성삼경회계법인,0,1.0,"비적정의견, GC 재기재",1.0,"비적정의견, GC 재기재",1.0,1.0,0.0,1.0,0.0,1.0,1.0,1.0
359474,(주)제이웨이,콘텐츠,2020,1,1,1,의견거절,2020년 12월 31일 까지 삼일회계법인,0,1.0,"비적정의견, GC 재기재",1.0,비적정의견,1.0,1.0,0.0,1.0,0.0,1.0,1.0,1.0
359474,(주)제이웨이,콘텐츠,2021,1,1,1,의견거절,2020년 12월 31일 까지 삼일회계법인,0,1.0,비적정의견,1.0,보고서 제출 중단,1.0,1.0,0.0,0.0,1.0,1.0,1.0,1.0
359474,(주)제이웨이,콘텐츠,2022,1,0,1,의견거절,2022년 12월 31일 까지 한미회계법인,0,1.0,보고서 제출 중단,1.0,보고서 제출 중단,1.0,0.0,1.0,0.0,1.0,1.0,1.0,1.0
364467,(주)드림어스컴퍼니,콘텐츠,2019,1,0,0,적정,강남파이낸스센터 27층) 삼정회계법인,1,0.0,,0.0,,0.0,0.0,0.0,0.0,0.0,0.0,0.0,0.0
364467,(주)드림어스컴퍼니,콘텐츠,2020,1,0,0,적정,종료된 보고기간의 연결재무제표는 삼정회계법인,1,0.0,,0.0,,0.0,0.0,0.0,0.0,0.0,0.0,0.0,0.0
364467,(주)드림어스컴퍼니,콘텐츠,2021,1,0,0,적정,2020년 12월 31일 까지 삼덕회계법인,1,0.0,,0.0,,0.0,0.0,0.0,0.0,0.0,0.0,0.0,0.0
364467,(주)드림어스컴퍼니,콘텐츠,2022,1,0,0,적정,2021년 12월 31일 까지 삼덕회계법인,1,0.0,,0.0,,0.0,0.0,0.0,0.0,0.0,0.0,0.0,0.0
364467,(주)드림어스컴퍼니,콘텐츠,2023,1,0,0,적정,강남파이낸스센터 27층) 삼정회계법인,1,0.0,,,,0.0,0.0,0.0,,,0.0,,0.0
364467,(주)드림어스컴퍼니,콘텐츠,2024,1,0,0,적정,강남파이낸스센터 27층) 삼정회계법인,1,,,,,,,,,,,,
364795,(주)레드로버,콘텐츠,2019,1,1,0,적정,안양빌딩) 2층 정명회계법인,1,1.0,GC 재기재,1.0,비적정의견,1.0,0.0,0.0,1.0,0.0,0.0,1.0,1.0
364795,(주)레드로버,콘텐츠,2020,1,1,0,적정,2020년 12월 31일 까지 삼덕회계법인,1,1.0,비적정의견,1.0,"비적정의견, GC 재기재",1.0,1.0,0.0,1.0,0.0,1.0,1.0,1.0
364795,(주)레드로버,콘텐츠,2021,1,0,1,의견거절,2021년 12월 31일 까지 삼화회계법인,0,1.0,"비적정의견, GC 재기재",1.0,"비적정의견, GC 재기재",1.0,1.0,0.0,1.0,0.0,1.0,1.0,1.0
364795,(주)레드로버,콘텐츠,2022,1,1,1,의견거절,2022년 12월 31일 까지 우리회계법인,0,1.0,"비적정의견, GC 재기재",1.0,"비적정의견, GC 재기재",1.0,1.0,0.0,1.0,0.0,1.0,1.0,1.0
364795,(주)레드로버,콘텐츠,2023,1,1,1,의견거절,2023년 12월 31일 까지 세덕회계법인,0,1.0,"비적정의견, GC 재기재",,,1.0,1.0,0.0,,,1.0,,1.0
364795,(주)레드로버,콘텐츠,2024,1,1,1,의견거절,2024년 12월 31일 까지 현대회계법인,0,,,,,,,,,,,,
370006,(주)아이엠비씨,콘텐츠,2019,1,0,0,적정,2018년 12월 31일 까지 삼일회계법인,0,0.0,,0.0,,0.0,0.0,0.0,0.0,0.0,0.0,0.0,0.0
370006,(주)아이엠비씨,콘텐츠,2020,1,0,0,적정,2020년 12월 31일 까지 한울회계법인,1,0.0,,0.0,,0.0,0.0,0.0,0.0,0.0,0.0,0.0,0.0
370006,(주)아이엠비씨,콘텐츠,2021,1,0,0,적정,2020년 12월 31일 까지 한울회계법인,1,0.0,,0.0,,0.0,0.0,0.0,0.0,0.0,0.0,0.0,0.0
370006,(주)아이엠비씨,콘텐츠,2022,1,0,0,적정,2021년 12월 31일 까지 한울회계법인,1,0.0,,0.0,,0.0,0.0,0.0,0.0,0.0,0.0,0.0,0.0
370006,(주)아이엠비씨,콘텐츠,2023,1,0,0,적정,료되는 보고기간의 연결재무제표는 한울회계법인,1,0.0,,,,0.0,0.0,0.0,,,0.0,,0.0
370006,(주)아이엠비씨,콘텐츠,2024,1,0,0,적정,2023년 12월 31일 까지 인덕회계법인,1,,,,,,,,,,,,
397058,주식회사 엠게임,게임,2019,1,0,0,적정,부터 2018년 12월 31일 까지 회계법인,0,0.0,,0.0,,0.0,0.0,0.0,0.0,0.0,0.0,0.0,0.0
397058,주식회사 엠게임,게임,2020,1,0,0,적정,부터 2019년 12월 31일 까지 회계법인,1,0.0,,0.0,,0.0,0.0,0.0,0.0,0.0,0.0,0.0,0.0
397058,주식회사 엠게임,게임,2021,1,0,0,적정,부터 2020년 12월 31일 까지 회계법인,1,0.0,,0.0,,0.0,0.0,0.0,0.0,0.0,0.0,0.0,0.0
397058,주식회사 엠게임,게임,2022,1,0,0,적정,부터 2021년 12월 31일 까지 회계법인,0,0.0,,0.0,,0.0,0.0,0.0,0.0,0.0,0.0,0.0,0.0
397058,주식회사 엠게임,게임,2023,1,0,0,적정,2023년 12월 31일 까지 대주회계법인,0,0.0,,,,0.0,0.0,0.0,,,0.0,,0.0
397058,주식회사 엠게임,게임,2024,1,0,0,적정,2023년 12월 31일 까지 대주회계법인,0,,,,,,,,,,,,
397191,(주)팬엔터테인먼트,콘텐츠,2019,1,0,0,적정,2018년 12월 31일 까지 우리회계법인,0,0.0,,0.0,,0.0,0.0,0.0,0.0,0.0,0.0,0.0,0.0
397191,(주)팬엔터테인먼트,콘텐츠,2020,1,0,0,적정,2019년 12월 31일 까지 우리회계법인,1,0.0,,0.0,,0.0,0.0,0.0,0.0,0.0,0.0,0.0,0.0
397191,(주)팬엔터테인먼트,콘텐츠,2021,1,0,0,적정,2020년 12월 31일 까지 우리회계법인,1,0.0,,0.0,,0.0,0.0,0.0,0.0,0.0,0.0,0.0,0.0
397191,(주)팬엔터테인먼트,콘텐츠,2022,1,0,0,적정,2021년 12월 31일 까지 우리회계법인,0,0.0,,0.0,,0.0,0.0,0.0,0.0,0.0,0.0,0.0,0.0
397191,(주)팬엔터테인먼트,콘텐츠,2023,1,0,0,적정,2022년 12월 31일 까지 우리회계법인,1,0.0,,,,0.0,0.0,0.0,,,0.0,,0.0
397191,(주)팬엔터테인먼트,콘텐츠,2024,1,0,0,적정,2024년 12월 31일 까지 삼일회계법인,0,,,,,,,,,,,,
397252,(주)조이시티,게임,2019,1,0,0,적정,2018년 12월 31일 까지 삼일회계법인,0,0.0,,0.0,,0.0,0.0,0.0,0.0,0.0,0.0,0.0,0.0
397252,(주)조이시티,게임,2020,1,0,0,적정,2019년 12월 31일 까지 삼일회계법인,1,0.0,,0.0,,0.0,0.0,0.0,0.0,0.0,0.0,0.0,0.0
397252,(주)조이시티,게임,2021,1,0,0,적정,2020년 12월 31일 까지 삼일회계법인,1,0.0,,0.0,,0.0,0.0,0.0,0.0,0.0,0.0,0.0,0.0
397252,(주)조이시티,게임,2022,1,0,0,적정,2021년 12월 31일 까지 삼일회계법인,0,0.0,,0.0,,0.0,0.0,0.0,0.0,0.0,0.0,0.0,0.0
397252,(주)조이시티,게임,2023,1,0,0,적정,,1,0.0,,,,0.0,0.0,0.0,,,0.0,,0.0
397252,(주)조이시티,게임,2024,1,0,0,적정,,1,,,,,,,,,,,,
405320,(주)웹젠,게임,2019,1,0,0,적정,2018년 12월 31일 까지 삼일회계법인,1,0.0,,0.0,,0.0,0.0,0.0,0.0,0.0,0.0,0.0,0.0
405320,(주)웹젠,게임,2020,1,0,0,적정,2019년 12월 31일 까지 삼일회계법인,1,0.0,,0.0,,0.0,0.0,0.0,0.0,0.0,0.0,0.0,0.0
405320,(주)웹젠,게임,2021,1,0,0,적정,2020년 12월 31일 까지 삼일회계법인,1,0.0,,0.0,,0.0,0.0,0.0,0.0,0.0,0.0,0.0,0.0
405320,(주)웹젠,게임,2022,1,0,0,적정,2021년 12월 31일 까지 삼일회계법인,1,0.0,,0.0,,0.0,0.0,0.0,0.0,0.0,0.0,0.0,0.0
405320,(주)웹젠,게임,2023,1,0,0,적정,강남파이낸스센터 27층) 삼정회계법인,1,0.0,,,,0.0,0.0,0.0,,,0.0,,0.0
405320,(주)웹젠,게임,2024,1,0,0,적정,강남파이낸스센터 27층) 삼정회계법인,1,,,,,,,,,,,,
444329,(주)위메이드,게임,2019,1,0,0,적정,2018년 12월 31일 까지 한영회계법인,1,0.0,,0.0,,0.0,0.0,0.0,0.0,0.0,0.0,0.0,0.0
444329,(주)위메이드,게임,2020,1,0,0,적정,2019년 12월 31일 까지 한영회계법인,1,0.0,,0.0,,0.0,0.0,0.0,0.0,0.0,0.0,0.0,0.0
444329,(주)위메이드,게임,2021,1,0,0,적정,강남파이낸스센터 27층) 삼정회계법인,1,0.0,,0.0,,0.0,0.0,0.0,0.0,0.0,0.0,0.0,0.0
444329,(주)위메이드,게임,2022,1,0,0,적정,강남파이낸스센터 27층) 삼정회계법인,1,0.0,,0.0,,0.0,0.0,0.0,0.0,0.0,0.0,0.0,0.0
444329,(주)위메이드,게임,2023,1,0,0,적정,2022년 12월 31일 까지 삼정회계법인,1,0.0,,,,0.0,0.0,0.0,,,0.0,,0.0
444329,(주)위메이드,게임,2024,1,0,0,적정,) 회사의 전기 재무제표는 삼정회계법인,1,,,,,,,,,,,,
476498,(주)컴투스,게임,2019,1,0,0,적정,2018년 12월 31일 까지 삼일회계법인,2,0.0,,0.0,,0.0,0.0,0.0,0.0,0.0,0.0,0.0,0.0
476498,(주)컴투스,게임,2020,1,0,0,미상,강남파이낸스센터 27층) 삼정회계법인,2,0.0,,0.0,,0.0,0.0,0.0,0.0,0.0,0.0,0.0,0.0
476498,(주)컴투스,게임,2021,1,0,0,적정,강남파이낸스센터 27층) 삼정회계법인,2,0.0,,0.0,,0.0,0.0,0.0,0.0,0.0,0.0,0.0,0.0
476498,(주)컴투스,게임,2022,1,0,0,적정,강남파이낸스센터 27층) 삼정회계법인,1,0.0,,0.0,,0.0,0.0,0.0,0.0,0.0,0.0,0.0,0.0
476498,(주)컴투스,게임,2023,1,0,0,적정,2023년 12월 31일 까지 삼일회계법인,0,0.0,,,,0.0,0.0,0.0,,,0.0,,0.0
476498,(주)컴투스,게임,2024,1,0,0,적정,2023년 12월 31일 까지 삼일회계법인,0,,,,,,,,,,,,
543204,(주)아이오케이이엔엠,콘텐츠,2019,1,0,0,적정,018년 12월 31일 까지 정진세림회계법인,1,0.0,,0.0,,0.0,0.0,0.0,0.0,0.0,0.0,0.0,0.0
543204,(주)아이오케이이엔엠,콘텐츠,2020,1,0,0,적정,는 보고기간의 연결재무제표는 정진세림회계법인,1,0.0,,0.0,,0.0,0.0,0.0,0.0,0.0,0.0,0.0,0.0
543204,(주)아이오케이이엔엠,콘텐츠,2021,1,0,0,적정,2020년 12월 31일 까지 태성회계법인,1,0.0,,0.0,,0.0,0.0,0.0,0.0,0.0,0.0,0.0,0.0
543204,(주)아이오케이이엔엠,콘텐츠,2022,1,0,0,적정,2021년 12월 31일 까지 태성회계법인,1,0.0,,0.0,,0.0,0.0,0.0,0.0,0.0,0.0,0.0,0.0
543204,(주)아이오케이이엔엠,콘텐츠,2023,1,0,0,적정,강남파이낸스센터 27층) 삼정회계법인,0,0.0,,,,0.0,0.0,0.0,,,0.0,,0.0
543204,(주)아이오케이이엔엠,콘텐츠,2024,1,0,0,적정,2024년 12월 31일 까지 정동회계법인,0,,,,,,,,,,,,
550082,(주)캔버스엔,콘텐츠,2019,1,0,0,적정,2019년 12월 31일 까지 삼덕회계법인,0,0.0,,0.0,,0.0,0.0,0.0,0.0,0.0,0.0,0.0,0.0
550082,(주)캔버스엔,콘텐츠,2020,1,0,0,적정,2019년 12월 31일 까지 삼덕회계법인,0,0.0,,0.0,,0.0,0.0,0.0,0.0,0.0,0.0,0.0,0.0
550082,(주)캔버스엔,콘텐츠,2021,1,0,0,적정,2021년 12월 31일 까지 삼일회계법인,0,0.0,,0.0,,0.0,0.0,0.0,0.0,0.0,0.0,0.0,0.0
550082,(주)캔버스엔,콘텐츠,2022,1,0,0,적정,) 회사의 전기 재무제표는 타회계법인,0,0.0,,0.0,,0.0,0.0,0.0,0.0,0.0,0.0,0.0,0.0
550082,(주)캔버스엔,콘텐츠,2023,1,0,0,적정,,1,0.0,,,,0.0,0.0,0.0,,,0.0,,0.0
550082,(주)캔버스엔,콘텐츠,2024,1,0,0,적정,2024년 12월 31일 까지 삼덕회계법인,1,,,,,,,,,,,,
608699,주식회사 탑코미디어,콘텐츠,2019,1,0,0,적정,2018년 12월 31일 까지 삼화회계법인,0,0.0,,0.0,,0.0,0.0,0.0,0.0,0.0,0.0,0.0,0.0
608699,주식회사 탑코미디어,콘텐츠,2020,1,0,0,적정,2019년 12월 31일 까지 인덕회계법인,1,0.0,,0.0,,0.0,0.0,0.0,0.0,0.0,0.0,0.0,0.0
608699,주식회사 탑코미디어,콘텐츠,2021,1,0,0,적정,대하빌딩) 인덕회계법인,1,0.0,,0.0,,0.0,0.0,0.0,0.0,0.0,0.0,0.0,0.0
608699,주식회사 탑코미디어,콘텐츠,2022,1,0,0,적정,2021년 12월 31일 까지 인덕회계법인,1,0.0,,0.0,,0.0,0.0,0.0,0.0,0.0,0.0,0.0,0.0
608699,주식회사 탑코미디어,콘텐츠,2023,1,0,0,적정,2023년 12월 31일 까지 삼일회계법인,1,0.0,,,,0.0,0.0,0.0,,,0.0,,0.0
608699,주식회사 탑코미디어,콘텐츠,2024,1,0,0,적정,료되는 보고기간의 연결재무제표는 삼일회계법인,1,,,,,,,,,,,,
609661,(주)티쓰리엔터테인먼트,게임,2022,1,0,0,적정,2022년 12월 31일 까지 삼덕회계법인,0,0.0,,0.0,,0.0,0.0,0.0,0.0,0.0,0.0,0.0,0.0
609661,(주)티쓰리엔터테인먼트,게임,2023,1,0,0,적정,2022년 12월 31일 까지 삼덕회계법인,2,0.0,,,,0.0,0.0,0.0,,,0.0,,0.0
609661,(주)티쓰리엔터테인먼트,게임,2024,1,0,0,적정,2023년 12월 31일 까지 삼덕회계법인,1,,,,,,,,,,,,
613318,(주)와이지엔터테인먼트,콘텐츠,2019,1,0,0,적정,2018년 12월 31일 까지 한영회계법인,1,0.0,,0.0,,0.0,0.0,0.0,0.0,0.0,0.0,0.0,0.0
613318,(주)와이지엔터테인먼트,콘텐츠,2020,1,0,0,적정,2019년 12월 31일 까지 한영회계법인,1,0.0,,0.0,,0.0,0.0,0.0,0.0,0.0,0.0,0.0,0.0
613318,(주)와이지엔터테인먼트,콘텐츠,2021,1,0,0,적정,2020년 12월 31일 까지 한영회계법인,1,0.0,,0.0,,0.0,0.0,0.0,0.0,0.0,0.0,0.0,0.0
613318,(주)와이지엔터테인먼트,콘텐츠,2022,1,0,0,적정,료되는 보고기간의 연결재무제표는 한영회계법인,0,0.0,,0.0,,0.0,0.0,0.0,0.0,0.0,0.0,0.0,0.0
613318,(주)와이지엔터테인먼트,콘텐츠,2023,1,0,0,적정,,0,0.0,,,,0.0,0.0,0.0,,,0.0,,0.0
613318,(주)와이지엔터테인먼트,콘텐츠,2024,1,0,0,적정,,0,,,,,,,,,,,,
628860,(주)네오위즈,게임,2019,1,0,0,적정,2018년 12월 31일 까지 삼일회계법인,1,0.0,,0.0,,0.0,0.0,0.0,0.0,0.0,0.0,0.0,0.0
628860,(주)네오위즈,게임,2020,1,0,0,적정,강남파이낸스센터 27층) 삼정회계법인,1,0.0,,0.0,,0.0,0.0,0.0,0.0,0.0,0.0,0.0,0.0
628860,(주)네오위즈,게임,2021,1,0,0,적정,강남파이낸스센터 27층) 삼정회계법인,1,0.0,,0.0,,0.0,0.0,0.0,0.0,0.0,0.0,0.0,0.0
628860,(주)네오위즈,게임,2022,1,0,0,적정,강남파이낸스센터 27층) 삼정회계법인,1,0.0,,0.0,,0.0,0.0,0.0,0.0,0.0,0.0,0.0,0.0
628860,(주)네오위즈,게임,2023,1,0,0,적정,료되는 보고기간의 연결재무제표는 삼정회계법인,2,0.0,,,,0.0,0.0,0.0,,,0.0,,0.0
628860,(주)네오위즈,게임,2024,1,0,0,적정,2023년 12월 31일 까지 삼일회계법인,1,,,,,,,,,,,,
643656,(주)위메이드맥스,게임,2019,1,1,0,적정,2018년 12월 31일 까지 삼덕회계법인,0,0.0,,0.0,,0.0,0.0,0.0,0.0,0.0,0.0,0.0,0.0
643656,(주)위메이드맥스,게임,2020,1,0,0,적정,2020년 12월 31일 까지 삼일회계법인,1,0.0,,0.0,,0.0,0.0,0.0,0.0,0.0,0.0,0.0,0.0
643656,(주)위메이드맥스,게임,2021,1,0,0,적정,강남파이낸스센터 27층) 삼정회계법인,1,0.0,,0.0,,0.0,0.0,0.0,0.0,0.0,0.0,0.0,0.0
643656,(주)위메이드맥스,게임,2022,1,0,0,적정,강남파이낸스센터 27층) 삼정회계법인,1,0.0,,0.0,,0.0,0.0,0.0,0.0,0.0,0.0,0.0,0.0
643656,(주)위메이드맥스,게임,2023,1,0,0,적정,2022년 12월 31일 까지 삼정회계법인,1,0.0,,,,0.0,0.0,0.0,,,0.0,,0.0
643656,(주)위메이드맥스,게임,2024,1,0,0,적정,강남파이낸스센터 27층) 삼정회계법인,1,,,,,,,,,,,,
650629,SBS미디어홀딩스(주),콘텐츠,2019,1,0,0,적정,2018년 12월 31일 까지 한영회계법인,1,0.0,,1.0,보고서 제출 중단,1.0,0.0,0.0,0.0,1.0,0.0,1.0,1.0
650629,SBS미디어홀딩스(주),콘텐츠,2020,1,0,0,적정,2020년 12월 31일 까지 삼일회계법인,1,1.0,보고서 제출 중단,1.0,보고서 제출 중단,1.0,0.0,1.0,0.0,1.0,1.0,1.0,1.0
657987,(주)케이엑스이노베이션,콘텐츠,2019,1,0,0,적정,2018년 12월 31일 까지 신우회계법인,1,0.0,,0.0,,0.0,0.0,0.0,0.0,0.0,0.0,0.0,0.0
657987,(주)케이엑스이노베이션,콘텐츠,2020,1,0,0,적정,2019년 12월 31일 까지 신우회계법인,2,0.0,,0.0,,0.0,0.0,0.0,0.0,0.0,0.0,0.0,0.0
657987,(주)케이엑스이노베이션,콘텐츠,2021,1,0,0,적정,2020년 12월 31일 까지 신우회계법인,2,0.0,,0.0,,0.0,0.0,0.0,0.0,0.0,0.0,0.0,0.0
657987,(주)케이엑스이노베이션,콘텐츠,2022,1,0,0,적정,2021년 12월 31일 까지 신우회계법인,0,0.0,,0.0,,0.0,0.0,0.0,0.0,0.0,0.0,0.0,0.0
657987,(주)케이엑스이노베이션,콘텐츠,2023,1,0,0,적정,2023년 12월 31일 까지 신우회계법인,0,0.0,,,,0.0,0.0,0.0,,,0.0,,0.0
657987,(주)케이엑스이노베이션,콘텐츠,2024,1,0,0,적정,2023년 12월 31일 까지 신우회계법인,0,,,,,,,,,,,,
760971,주식회사 크래프톤,게임,2019,1,0,0,적정,2018년 12월 31일 까지 삼일회계법인,0,0.0,,0.0,,0.0,0.0,0.0,0.0,0.0,0.0,0.0,0.0
760971,주식회사 크래프톤,게임,2020,1,0,0,적정,2020년 12월 31일 까지 한영회계법인,0,0.0,,0.0,,0.0,0.0,0.0,0.0,0.0,0.0,0.0,0.0
760971,주식회사 크래프톤,게임,2021,1,0,0,적정,2020년 12월 31일 까지 한영회계법인,1,0.0,,0.0,,0.0,0.0,0.0,0.0,0.0,0.0,0.0,0.0
760971,주식회사 크래프톤,게임,2022,1,0,0,적정,강남파이낸스센터 27층) 삼정회계법인,1,0.0,,0.0,,0.0,0.0,0.0,0.0,0.0,0.0,0.0,0.0
760971,주식회사 크래프톤,게임,2023,1,0,0,적정,강남파이낸스센터 27층) 삼정회계법인,1,0.0,,,,0.0,0.0,0.0,,,0.0,,0.0
760971,주식회사 크래프톤,게임,2024,1,0,0,적정,강남파이낸스센터 27층) 삼정회계법인,1,,,,,,,,,,,,
814786,(주)티엔엔터테인먼트,콘텐츠,2019,0,0,0,,,0,0.0,,1.0,GC 재기재,1.0,0.0,0.0,0.0,0.0,0.0,0.0,0.0
814786,(주)티엔엔터테인먼트,콘텐츠,2020,1,0,0,적정,,0,1.0,GC 재기재,0.0,,1.0,0.0,0.0,0.0,0.0,0.0,0.0,0.0
814786,(주)티엔엔터테인먼트,콘텐츠,2021,1,1,0,적정,021년 06월 30일 까지 예교지성회계법인,1,0.0,,0.0,,0.0,0.0,0.0,0.0,0.0,0.0,0.0,0.0
814786,(주)티엔엔터테인먼트,콘텐츠,2022,1,0,0,적정,2022년 06월 30일 까지 우리회계법인,0,0.0,,0.0,,0.0,0.0,0.0,0.0,0.0,0.0,0.0,0.0
814786,(주)티엔엔터테인먼트,콘텐츠,2023,1,0,0,적정,2022년 12월 31일 까지 우리회계법인,1,0.0,,,,0.0,0.0,0.0,,,0.0,,0.0
814786,(주)티엔엔터테인먼트,콘텐츠,2024,1,0,0,적정,2024년 12월 31일 까지 삼일회계법인,0,,,,,,,,,,,,
815767,(주)위메이드플레이,게임,2019,1,0,0,적정,2018년 12월 31일 까지 안세회계법인,0,0.0,,0.0,,0.0,0.0,0.0,0.0,0.0,0.0,0.0,0.0
815767,(주)위메이드플레이,게임,2020,1,0,0,미상,강남파이낸스센터 27층) 삼정회계법인,1,0.0,,0.0,,0.0,0.0,0.0,0.0,0.0,0.0,0.0,0.0
815767,(주)위메이드플레이,게임,2021,1,0,0,적정,2021년 12월 31일 까지 삼일회계법인,1,0.0,,0.0,,0.0,0.0,0.0,0.0,0.0,0.0,0.0,0.0
815767,(주)위메이드플레이,게임,2022,1,0,0,적정,2021년 12월 31일 까지 삼일회계법인,0,0.0,,0.0,,0.0,0.0,0.0,0.0,0.0,0.0,0.0,0.0
815767,(주)위메이드플레이,게임,2023,1,0,0,적정,2022년 12월 31일 까지 삼일회계법인,0,0.0,,,,0.0,0.0,0.0,,,0.0,,0.0
815767,(주)위메이드플레이,게임,2024,1,0,0,적정,강남파이낸스센터 27층) 삼정회계법인,0,,,,,,,,,,,,
904672,넷마블(주),게임,2019,1,0,0,적정,2018년 12월 31일 까지 안진회계법인,0,0.0,,0.0,,0.0,0.0,0.0,0.0,0.0,0.0,0.0,0.0
904672,넷마블(주),게임,2020,1,0,0,적정,2019년 12월 31일 까지 안진회계법인,0,0.0,,0.0,,0.0,0.0,0.0,0.0,0.0,0.0,0.0,0.0
904672,넷마블(주),게임,2021,1,0,0,적정,2020년 12월 31일 까지 안진회계법인,0,0.0,,0.0,,0.0,0.0,0.0,0.0,0.0,0.0,0.0,0.0
904672,넷마블(주),게임,2022,1,0,0,적정,2021년 12월 31일 까지 안진회계법인,0,0.0,,0.0,,0.0,0.0,0.0,0.0,0.0,0.0,0.0,0.0
904672,넷마블(주),게임,2023,1,0,0,적정,2022년 12월 31일 까지 안진회계법인,0,0.0,,,,0.0,0.0,0.0,,,0.0,,0.0
904672,넷마블(주),게임,2024,1,0,0,적정,2023년 12월 31일 까지 안진회계법인,0,,,,,,,,,,,,
925295,(주)에프엔씨엔터테인먼트,콘텐츠,2019,1,0,0,적정,2018년 12월 31일 까지 삼일회계법인,0,0.0,,0.0,,0.0,0.0,0.0,0.0,0.0,0.0,0.0,0.0
925295,(주)에프엔씨엔터테인먼트,콘텐츠,2020,1,0,0,적정,2019년 12월 31일 까지 삼일회계법인,1,0.0,,0.0,,0.0,0.0,0.0,0.0,0.0,0.0,0.0,0.0
925295,(주)에프엔씨엔터테인먼트,콘텐츠,2021,1,0,0,적정,2020년 12월 31일 까지 삼일회계법인,1,0.0,,0.0,,0.0,0.0,0.0,0.0,0.0,0.0,0.0,0.0
925295,(주)에프엔씨엔터테인먼트,콘텐츠,2022,1,0,0,적정,2022년 12월 31일 까지 서현회계법인,1,0.0,,0.0,,0.0,0.0,0.0,0.0,0.0,0.0,0.0,0.0
925295,(주)에프엔씨엔터테인먼트,콘텐츠,2023,1,0,0,적정,2022년 12월 31일 까지 서현회계법인,1,0.0,,,,0.0,0.0,0.0,,,0.0,,0.0
925295,(주)에프엔씨엔터테인먼트,콘텐츠,2024,1,0,0,적정,2023년 12월 31일 까지 서현회계법인,1,,,,,,,,,,,,
965813,(주)미투온,게임,2019,1,0,0,적정,2018년 12월 31일 까지 우리회계법인,1,0.0,,0.0,,0.0,0.0,0.0,0.0,0.0,0.0,0.0,0.0
965813,(주)미투온,게임,2020,1,0,0,적정,2019년 12월 31일 까지 우리회계법인,1,0.0,,0.0,,0.0,0.0,0.0,0.0,0.0,0.0,0.0,0.0
965813,(주)미투온,게임,2021,1,0,0,적정,2021년 12월 31일 까지 우리회계법인,1,0.0,,0.0,,0.0,0.0,0.0,0.0,0.0,0.0,0.0,0.0
965813,(주)미투온,게임,2022,1,0,0,적정,2021년 12월 31일 까지 우리회계법인,1,0.0,,0.0,,0.0,0.0,0.0,0.0,0.0,0.0,0.0,0.0
965813,(주)미투온,게임,2023,1,0,0,적정,2022년 12월 31일 까지 우리회계법인,1,0.0,,,,0.0,0.0,0.0,,,0.0,,0.0
965813,(주)미투온,게임,2024,1,0,0,적정,2023년 12월 31일 까지 삼도회계법인,1,,,,,,,,,,,,
974927,(주)넥스트엔터테인먼트월드,콘텐츠,2019,1,0,0,적정,2018년 12월 31일 까지 삼일회계법인,1,0.0,,0.0,,0.0,0.0,0.0,0.0,0.0,0.0,0.0,0.0
974927,(주)넥스트엔터테인먼트월드,콘텐츠,2020,1,0,0,적정,2019년 12월 31일 까지 삼일회계법인,1,0.0,,0.0,,0.0,0.0,0.0,0.0,0.0,0.0,0.0,0.0
974927,(주)넥스트엔터테인먼트월드,콘텐츠,2021,1,0,0,적정,2021년 12월 31일 까지 삼도회계법인,1,0.0,,0.0,,0.0,0.0,0.0,0.0,0.0,0.0,0.0,0.0
974927,(주)넥스트엔터테인먼트월드,콘텐츠,2022,1,0,0,적정,2021년 12월 31일 까지 삼도회계법인,1,0.0,,0.0,,0.0,0.0,0.0,0.0,0.0,0.0,0.0,0.0
974927,(주)넥스트엔터테인먼트월드,콘텐츠,2023,1,0,0,적정,2022년 12월 31일 까지 삼도회계법인,1,0.0,,,,0.0,0.0,0.0,,,0.0,,0.0
974927,(주)넥스트엔터테인먼트월드,콘텐츠,2024,1,0,0,적정,2024년 12월 31일 까지 삼일회계법인,1,,,,,,,,,,,,
975290,(주)에이스토리,콘텐츠,2019,1,0,0,적정,23 (삼성동) 남양빌딩 5층 일신회계법인,0,0.0,,0.0,,0.0,0.0,0.0,0.0,0.0,0.0,0.0,0.0
975290,(주)에이스토리,콘텐츠,2020,1,0,0,적정,경영지원실장 회계법인,2,0.0,,0.0,,0.0,0.0,0.0,0.0,0.0,0.0,0.0,0.0
975290,(주)에이스토리,콘텐츠,2021,1,0,0,미상,경영지원실장 회계법인,2,0.0,,0.0,,0.0,0.0,0.0,0.0,0.0,0.0,0.0,0.0
975290,(주)에이스토리,콘텐츠,2022,1,0,0,적정,재무이사회계법인,1,0.0,,0.0,,0.0,0.0,0.0,0.0,0.0,0.0,0.0,0.0
975290,(주)에이스토리,콘텐츠,2023,1,0,0,적정,재무이사회계법인,1,0.0,,,,0.0,0.0,0.0,,,0.0,,0.0
975290,(주)에이스토리,콘텐츠,2024,1,0,0,적정,재무이사회계법인,1,,,,,,,,,,,,
977696,(주)넥스쳐,게임,2019,1,0,1,의견거절,2019년 12월 31일 까지 한영회계법인,0,1.0,"비적정의견, GC 재기재",1.0,"비적정의견, GC 재기재",1.0,1.0,0.0,1.0,0.0,1.0,1.0,1.0
977696,(주)넥스쳐,게임,2020,1,1,1,의견거절,2020년 12월 31일 까지 삼덕회계법인,0,1.0,"비적정의견, GC 재기재",1.0,"비적정의견, GC 재기재",1.0,1.0,0.0,1.0,0.0,1.0,1.0,1.0
977696,(주)넥스쳐,게임,2021,1,1,1,의견거절,2020년 12월 31일 까지 삼덕회계법인,0,1.0,"비적정의견, GC 재기재",1.0,"비적정의견, GC 재기재",1.0,1.0,0.0,1.0,0.0,1.0,1.0,1.0
977696,(주)넥스쳐,게임,2022,1,1,1,의견거절,2021년 12월 31일 까지 삼덕회계법인,0,1.0,"비적정의견, GC 재기재",1.0,"비적정의견, GC 재기재",1.0,1.0,0.0,1.0,0.0,1.0,1.0,1.0
977696,(주)넥스쳐,게임,2023,1,1,1,의견거절,2022년 12월 31일 까지 삼덕회계법인,0,1.0,"비적정의견, GC 재기재",,,1.0,1.0,0.0,,,1.0,,1.0
977696,(주)넥스쳐,게임,2024,1,1,1,의견거절,별시 강남구 남부순환로 2913 대주회계법인,0,,,,,,,,,,,,
983271,엔에이치엔(주),게임,2019,1,0,0,적정,강남파이낸스센터 27층) 삼정회계법인,2,0.0,,0.0,,0.0,0.0,0.0,0.0,0.0,0.0,0.0,0.0
983271,엔에이치엔(주),게임,2020,1,0,0,적정,강남파이낸스센터 27층) 삼정회계법인,2,0.0,,0.0,,0.0,0.0,0.0,0.0,0.0,0.0,0.0,0.0
983271,엔에이치엔(주),게임,2021,1,0,0,적정,강남파이낸스센터 27층) 삼정회계법인,2,0.0,,0.0,,0.0,0.0,0.0,0.0,0.0,0.0,0.0,0.0
983271,엔에이치엔(주),게임,2022,1,0,0,적정,강남파이낸스센터 27층) 삼정회계법인,2,0.0,,0.0,,0.0,0.0,0.0,0.0,0.0,0.0,0.0,0.0
983271,엔에이치엔(주),게임,2023,1,0,0,적정,,2,0.0,,,,0.0,0.0,0.0,,,0.0,,0.0
983271,엔에이치엔(주),게임,2024,1,0,0,적정,2023년 12월 31일 까지 삼일회계법인,1,,,,,,,,,,,,
985686,(주)큐브엔터테인먼트,콘텐츠,2019,1,0,0,적정,2018년 12월 31일 까지 삼일회계법인,0,0.0,,0.0,,0.0,0.0,0.0,0.0,0.0,0.0,0.0,0.0
985686,(주)큐브엔터테인먼트,콘텐츠,2020,1,0,0,적정,강남파이낸스센터 27층) 삼정회계법인,0,0.0,,0.0,,0.0,0.0,0.0,0.0,0.0,0.0,0.0,0.0
985686,(주)큐브엔터테인먼트,콘텐츠,2021,1,0,0,적정,2021년 12월 31일 까지 한영회계법인,1,0.0,,0.0,,0.0,0.0,0.0,0.0,0.0,0.0,0.0,0.0
985686,(주)큐브엔터테인먼트,콘텐츠,2022,1,0,0,적정,2021년 12월 31일 까지 한영회계법인,1,0.0,,0.0,,0.0,0.0,0.0,0.0,0.0,0.0,0.0,0.0
985686,(주)큐브엔터테인먼트,콘텐츠,2023,1,0,0,적정,2022년 12월 31일 까지 한영회계법인,1,0.0,,,,0.0,0.0,0.0,,,0.0,,0.0
985686,(주)큐브엔터테인먼트,콘텐츠,2024,1,0,0,적정,2024년 12월 31일 까지 현대회계법인,1,,,,,,,,,,,,
990396,(주)레드우즈,콘텐츠,2019,1,1,0,적정,,0,1.0,GC 재기재,1.0,GC 재기재,1.0,0.0,0.0,0.0,0.0,0.0,0.0,0.0
990396,(주)레드우즈,콘텐츠,2020,1,1,0,적정,2020년 12월 31일 까지 우리회계법인,0,1.0,GC 재기재,1.0,GC 재기재,1.0,0.0,0.0,0.0,0.0,0.0,0.0,0.0
990396,(주)레드우즈,콘텐츠,2021,1,1,0,적정,2020년 12월 31일 까지 우리회계법인,0,1.0,GC 재기재,1.0,GC 재기재,1.0,0.0,0.0,0.0,0.0,0.0,0.0,0.0
990396,(주)레드우즈,콘텐츠,2022,1,1,0,적정,2022년 12월 31일 까지 현대회계법인,0,1.0,GC 재기재,1.0,GC 재기재,1.0,0.0,0.0,0.0,0.0,0.0,0.0,0.0
990396,(주)레드우즈,콘텐츠,2023,1,1,0,적정,,0,1.0,GC 재기재,,,1.0,0.0,0.0,,,0.0,,0.0
990396,(주)레드우즈,콘텐츠,2024,1,1,0,적정,,0,,,,,,,,,,,,
990819,(주)아티스트스튜디오,콘텐츠,2019,1,0,0,적정,2019년 12월 31일 까지 현대회계법인,0,0.0,,0.0,,0.0,0.0,0.0,0.0,0.0,0.0,0.0,0.0
990819,(주)아티스트스튜디오,콘텐츠,2020,1,0,0,적정,강남파이낸스센터 27층) 삼정회계법인,0,0.0,,0.0,,0.0,0.0,0.0,0.0,0.0,0.0,0.0,0.0
990819,(주)아티스트스튜디오,콘텐츠,2021,1,0,0,적정,료되는 보고기간의 연결재무제표는 삼정회계법인,0,0.0,,0.0,,0.0,0.0,0.0,0.0,0.0,0.0,0.0,0.0
990819,(주)아티스트스튜디오,콘텐츠,2022,1,0,0,적정,2021년 12월 31일 까지 이촌회계법인,0,0.0,,0.0,,0.0,0.0,0.0,0.0,0.0,0.0,0.0,0.0
990819,(주)아티스트스튜디오,콘텐츠,2023,1,0,0,적정,2023년 12월 31일 까지 대주회계법인,0,0.0,,,,0.0,0.0,0.0,,,0.0,,0.0
990819,(주)아티스트스튜디오,콘텐츠,2024,1,0,0,적정,2024년 12월 31일 까지 삼일회계법인,1,,,,,,,,,,,,
991225,(주)더콘텐츠온,콘텐츠,2019,1,0,0,적정,,0,0.0,,0.0,,0.0,0.0,0.0,0.0,0.0,0.0,0.0,0.0
991225,(주)더콘텐츠온,콘텐츠,2020,1,0,0,적정,울특별시 강남구 테헤란로 8길 21 회계법인,0,0.0,,0.0,,0.0,0.0,0.0,0.0,0.0,0.0,0.0,0.0
991225,(주)더콘텐츠온,콘텐츠,2021,1,0,0,적정,울특별시 강남구 테헤란로 8길 21 회계법인,0,0.0,,0.0,,0.0,0.0,0.0,0.0,0.0,0.0,0.0,0.0
991225,(주)더콘텐츠온,콘텐츠,2022,1,0,0,적정,울특별시 강남구 테헤란로 8길 21 회계법인,0,0.0,,0.0,,0.0,0.0,0.0,0.0,0.0,0.0,0.0,0.0
991225,(주)더콘텐츠온,콘텐츠,2023,1,0,0,적정,울특별시 강남구 테헤란로 8길 21 회계법인,0,0.0,,,,0.0,0.0,0.0,,,0.0,,0.0
991225,(주)더콘텐츠온,콘텐츠,2024,1,0,0,적정,시 강남구 테헤란로 77길 13 한미회계법인,0,,,,,,,,,,,,
1008762,데브시스터즈(주),게임,2019,1,0,0,적정,2018년 12월 31일 까지 안진회계법인,1,0.0,,0.0,,0.0,0.0,0.0,0.0,0.0,0.0,0.0,0.0
1008762,데브시스터즈(주),게임,2020,1,0,0,적정,삼덕회계법인,1,0.0,,0.0,,0.0,0.0,0.0,0.0,0.0,0.0,0.0,0.0
1008762,데브시스터즈(주),게임,2021,1,0,0,적정,삼덕회계법인,1,0.0,,0.0,,0.0,0.0,0.0,0.0,0.0,0.0,0.0,0.0
1008762,데브시스터즈(주),게임,2022,1,0,0,적정,삼덕회계법인,0,0.0,,0.0,,0.0,0.0,0.0,0.0,0.0,0.0,0.0,0.0
1008762,데브시스터즈(주),게임,2023,1,0,0,적정,2023년 12월 31일 까지 안진회계법인,0,0.0,,,,0.0,0.0,0.0,,,0.0,,0.0
1008762,데브시스터즈(주),게임,2024,1,0,0,적정,2023년 12월 31일 까지 안진회계법인,0,,,,,,,,,,,,
1010110,(주)더블유게임즈,게임,2019,1,0,0,적정,,0,0.0,,0.0,,0.0,0.0,0.0,0.0,0.0,0.0,0.0,0.0
1010110,(주)더블유게임즈,게임,2020,1,0,0,적정,,0,0.0,,0.0,,0.0,0.0,0.0,0.0,0.0,0.0,0.0,0.0
1010110,(주)더블유게임즈,게임,2021,1,0,0,적정,,0,0.0,,0.0,,0.0,0.0,0.0,0.0,0.0,0.0,0.0,0.0
1010110,(주)더블유게임즈,게임,2022,1,0,0,적정,,0,0.0,,0.0,,0.0,0.0,0.0,0.0,0.0,0.0,0.0,0.0
1010110,(주)더블유게임즈,게임,2023,1,0,0,적정,료되는 보고기간의 연결재무제표는 한영회계법인,0,0.0,,,,0.0,0.0,0.0,,,0.0,,0.0
1010110,(주)더블유게임즈,게임,2024,1,0,0,적정,,0,,,,,,,,,,,,
1021949,(주)덱스터스튜디오,콘텐츠,2019,1,0,0,적정,,0,0.0,,0.0,,0.0,0.0,0.0,0.0,0.0,0.0,0.0,0.0
1021949,(주)덱스터스튜디오,콘텐츠,2020,1,0,0,적정,,1,0.0,,0.0,,0.0,0.0,0.0,0.0,0.0,0.0,0.0,0.0
1021949,(주)덱스터스튜디오,콘텐츠,2021,1,0,0,적정,2020년 12월 31일 까지 대주회계법인,0,0.0,,0.0,,0.0,0.0,0.0,0.0,0.0,0.0,0.0,0.0
1021949,(주)덱스터스튜디오,콘텐츠,2022,1,0,0,적정,2022년 12월 31일 까지 한울회계법인,0,0.0,,0.0,,0.0,0.0,0.0,0.0,0.0,0.0,0.0,0.0
1021949,(주)덱스터스튜디오,콘텐츠,2023,1,0,0,적정,2022년 12월 31일 까지 한울회계법인,1,0.0,,,,0.0,0.0,0.0,,,0.0,,0.0
1021949,(주)덱스터스튜디오,콘텐츠,2024,1,0,0,적정,,1,,,,,,,,,,,,
1046203,(주)로아앤코홀딩스,콘텐츠,2019,1,0,0,적정,대표이사 외 경영관리본부 2인 회계법인,0,0.0,,0.0,,0.0,0.0,0.0,0.0,0.0,0.0,0.0,0.0
1046203,(주)로아앤코홀딩스,콘텐츠,2020,1,0,0,적정,2020년 12월 31일 까지 삼덕회계법인,1,0.0,,0.0,,0.0,0.0,0.0,0.0,0.0,0.0,0.0,0.0
1046203,(주)로아앤코홀딩스,콘텐츠,2021,1,0,0,적정,2020년 12월 31일 까지 삼덕회계법인,2,0.0,,1.0,비적정의견,1.0,0.0,0.0,1.0,0.0,0.0,1.0,1.0
1046203,(주)로아앤코홀딩스,콘텐츠,2022,1,0,0,적정,2022년 12월 31일 까지 이촌회계법인,1,1.0,비적정의견,1.0,"비적정의견, GC 재기재",1.0,1.0,0.0,1.0,0.0,1.0,1.0,1.0
1046203,(주)로아앤코홀딩스,콘텐츠,2023,1,0,1,한정의견,2022년 12월 31일 까지 이촌회계법인,1,1.0,"비적정의견, GC 재기재",,,1.0,1.0,0.0,,,1.0,,1.0
1046203,(주)로아앤코홀딩스,콘텐츠,2024,1,1,1,한정의견,강남파이낸스센터 27층) 삼정회계법인,0,,,,,,,,,,,,
1047840,미스터블루(주),콘텐츠,2019,1,0,0,적정,2018년 12월 31일 까지 이촌회계법인,0,0.0,,0.0,,0.0,0.0,0.0,0.0,0.0,0.0,0.0,0.0
1047840,미스터블루(주),콘텐츠,2020,1,0,0,적정,2019년 12월 31일 까지 이촌회계법인,1,0.0,,0.0,,0.0,0.0,0.0,0.0,0.0,0.0,0.0,0.0
1047840,미스터블루(주),콘텐츠,2021,1,0,0,적정,2020년 12월 31일 까지 이촌회계법인,1,0.0,,0.0,,0.0,0.0,0.0,0.0,0.0,0.0,0.0,0.0
1047840,미스터블루(주),콘텐츠,2022,1,0,0,적정,2021년 12월 31일 까지 이촌회계법인,1,0.0,,0.0,,0.0,0.0,0.0,0.0,0.0,0.0,0.0,0.0
1047840,미스터블루(주),콘텐츠,2023,1,0,0,적정,2023년 12월 31일 까지 태성회계법인,1,0.0,,,,0.0,0.0,0.0,,,0.0,,0.0
1047840,미스터블루(주),콘텐츠,2024,1,0,0,적정,2023년 12월 31일 까지 태성회계법인,1,,,,,,,,,,,,
1067516,(주)골프존,게임,2019,1,0,0,적정,료되는 보고기간의 연결재무제표는 삼정회계법인,1,0.0,,0.0,,0.0,0.0,0.0,0.0,0.0,0.0,0.0,0.0
1067516,(주)골프존,게임,2020,1,0,0,적정,,1,0.0,,0.0,,0.0,0.0,0.0,0.0,0.0,0.0,0.0,0.0
1067516,(주)골프존,게임,2021,1,0,0,적정,,1,0.0,,0.0,,0.0,0.0,0.0,0.0,0.0,0.0,0.0,0.0
1067516,(주)골프존,게임,2022,1,0,0,적정,,1,0.0,,0.0,,0.0,0.0,0.0,0.0,0.0,0.0,0.0,0.0
1067516,(주)골프존,게임,2023,1,0,0,적정,,1,0.0,,,,0.0,0.0,0.0,,,0.0,,0.0
1067516,(주)골프존,게임,2024,1,0,0,적정,,0,,,,,,,,,,,,
1082418,(주)에스에이엠지엔터테인먼트,콘텐츠,2022,1,0,0,적정,,1,0.0,,0.0,,0.0,0.0,0.0,0.0,0.0,0.0,0.0,0.0
1082418,(주)에스에이엠지엔터테인먼트,콘텐츠,2023,1,0,0,적정,,1,0.0,,,,0.0,0.0,0.0,,,0.0,,0.0
1082418,(주)에스에이엠지엔터테인먼트,콘텐츠,2024,1,0,0,적정,,1,,,,,,,,,,,,
1116502,(주)아티스트컴퍼니,콘텐츠,2020,1,0,0,적정,019년 12월 31일 까지 정진세림회계법인,0,0.0,,0.0,,0.0,0.0,0.0,0.0,0.0,0.0,0.0,0.0
1116502,(주)아티스트컴퍼니,콘텐츠,2021,1,0,0,적정,020년 12월 31일 까지 정진세림회계법인,1,0.0,,0.0,,0.0,0.0,0.0,0.0,0.0,0.0,0.0,0.0
1116502,(주)아티스트컴퍼니,콘텐츠,2022,1,0,0,적정,021년 12월 31일 까지 정진세림회계법인,0,0.0,,0.0,,0.0,0.0,0.0,0.0,0.0,0.0,0.0,0.0
1116502,(주)아티스트컴퍼니,콘텐츠,2023,1,0,0,적정,022년 12월 31일 까지 정진세림회계법인,0,0.0,,,,0.0,0.0,0.0,,,0.0,,0.0
1116502,(주)아티스트컴퍼니,콘텐츠,2024,1,0,0,적정,,1,,,,,,,,,,,,
1137383,(주)카카오게임즈,게임,2019,1,0,0,적정,2019년 12월 31일 까지 삼일회계법인,0,0.0,,0.0,,0.0,0.0,0.0,0.0,0.0,0.0,0.0,0.0
1137383,(주)카카오게임즈,게임,2020,1,0,0,적정,2019년 12월 31일 까지 삼일회계법인,1,0.0,,0.0,,0.0,0.0,0.0,0.0,0.0,0.0,0.0,0.0
1137383,(주)카카오게임즈,게임,2021,1,0,0,적정,2020년 12월 31일 까지 삼일회계법인,1,0.0,,0.0,,0.0,0.0,0.0,0.0,0.0,0.0,0.0,0.0
1137383,(주)카카오게임즈,게임,2022,1,0,0,적정,강남파이낸스센터 27층) 삼정회계법인,0,0.0,,0.0,,0.0,0.0,0.0,0.0,0.0,0.0,0.0,0.0
1137383,(주)카카오게임즈,게임,2023,1,0,0,적정,강남파이낸스센터 27층) 삼정회계법인,0,0.0,,,,0.0,0.0,0.0,,,0.0,,0.0
1137383,(주)카카오게임즈,게임,2024,1,0,0,적정,강남파이낸스센터 27층) 삼정회계법인,0,,,,,,,,,,,,
1138364,더핑크퐁컴퍼니(주),콘텐츠,2021,1,0,0,적정,2021년 12월 31일 까지 한영회계법인,0,0.0,,0.0,,0.0,0.0,0.0,0.0,0.0,0.0,0.0,0.0
1138364,더핑크퐁컴퍼니(주),콘텐츠,2022,1,0,0,미상,강남파이낸스센터 27층) 삼정회계법인,0,0.0,,0.0,,0.0,0.0,0.0,0.0,0.0,0.0,0.0,0.0
1138364,더핑크퐁컴퍼니(주),콘텐츠,2023,1,0,0,미상,강남파이낸스센터 27층) 삼정회계법인,0,0.0,,,,0.0,0.0,0.0,,,0.0,,0.0
1138364,더핑크퐁컴퍼니(주),콘텐츠,2024,1,0,0,적정,,0,,,,,,,,,,,,
1139965,주식회사 스튜디오미르,콘텐츠,2022,1,0,0,적정,2021년 12월 31일 까지 삼일회계법인,0,0.0,,0.0,,0.0,0.0,0.0,0.0,0.0,0.0,0.0,0.0
1139965,주식회사 스튜디오미르,콘텐츠,2023,1,0,0,적정,부터 2023년 12월 31일 까지 회계법인,0,0.0,,,,0.0,0.0,0.0,,,0.0,,0.0
1139965,주식회사 스튜디오미르,콘텐츠,2024,1,0,0,적정,부터 2023년 12월 31일 까지 회계법인,0,,,,,,,,,,,,
1152470,주식회사 펄어비스,게임,2019,1,0,0,적정,2018년 12월 31일 까지 삼일회계법인,1,0.0,,0.0,,0.0,0.0,0.0,0.0,0.0,0.0,0.0,0.0
1152470,주식회사 펄어비스,게임,2020,1,0,0,적정,2019년 12월 31일 까지 삼일회계법인,1,0.0,,0.0,,0.0,0.0,0.0,0.0,0.0,0.0,0.0,0.0
1152470,주식회사 펄어비스,게임,2021,1,0,0,적정,2020년 12월 31일 까지 삼일회계법인,1,0.0,,0.0,,0.0,0.0,0.0,0.0,0.0,0.0,0.0,0.0
1152470,주식회사 펄어비스,게임,2022,1,0,0,적정,2021년 12월 31일 까지 삼일회계법인,1,0.0,,0.0,,0.0,0.0,0.0,0.0,0.0,0.0,0.0,0.0
1152470,주식회사 펄어비스,게임,2023,1,0,0,적정,2022년 12월 31일 까지 삼일회계법인,1,0.0,,,,0.0,0.0,0.0,,,0.0,,0.0
1152470,주식회사 펄어비스,게임,2024,1,0,0,적정,2023년 12월 31일 까지 삼일회계법인,1,,,,,,,,,,,,
1168684,스튜디오드래곤(주),콘텐츠,2019,1,0,0,적정,강남파이낸스센터 27층) 삼정회계법인,2,0.0,,0.0,,0.0,0.0,0.0,0.0,0.0,0.0,0.0,0.0
1168684,스튜디오드래곤(주),콘텐츠,2020,1,0,0,적정,강남파이낸스센터 27층) 삼정회계법인,2,0.0,,0.0,,0.0,0.0,0.0,0.0,0.0,0.0,0.0,0.0
1168684,스튜디오드래곤(주),콘텐츠,2021,1,0,0,적정,강남파이낸스센터 27층) 삼정회계법인,2,0.0,,0.0,,0.0,0.0,0.0,0.0,0.0,0.0,0.0,0.0
1168684,스튜디오드래곤(주),콘텐츠,2022,1,0,0,적정,강남파이낸스센터 27층) 삼정회계법인,1,0.0,,0.0,,0.0,0.0,0.0,0.0,0.0,0.0,0.0,0.0
1168684,스튜디오드래곤(주),콘텐츠,2023,1,0,0,적정,2022년 12월 31일 까지 삼정회계법인,1,0.0,,,,0.0,0.0,0.0,,,0.0,,0.0
1168684,스튜디오드래곤(주),콘텐츠,2024,1,0,0,적정,강남파이낸스센터 27층) 삼정회계법인,1,,,,,,,,,,,,
1186404,주식회사 디앤씨미디어,콘텐츠,2019,1,0,0,적정,2018년 12월 31일 까지 정동회계법인,0,0.0,,0.0,,0.0,0.0,0.0,0.0,0.0,0.0,0.0,0.0
1186404,주식회사 디앤씨미디어,콘텐츠,2020,1,0,0,적정,2019년 12월 31일 까지 정동회계법인,1,0.0,,0.0,,0.0,0.0,0.0,0.0,0.0,0.0,0.0,0.0
1186404,주식회사 디앤씨미디어,콘텐츠,2021,1,0,0,적정,2021년 12월 31일 까지 성현회계법인,1,0.0,,0.0,,0.0,0.0,0.0,0.0,0.0,0.0,0.0,0.0
1186404,주식회사 디앤씨미디어,콘텐츠,2022,1,0,0,적정,2021년 12월 31일 까지 성현회계법인,1,0.0,,0.0,,0.0,0.0,0.0,0.0,0.0,0.0,0.0,0.0
1186404,주식회사 디앤씨미디어,콘텐츠,2023,1,0,0,적정,2022년 12월 31일 까지 성현회계법인,1,0.0,,,,0.0,0.0,0.0,,,0.0,,0.0
1186404,주식회사 디앤씨미디어,콘텐츠,2024,1,0,0,적정,2024년 12월 31일 까지 삼도회계법인,1,,,,,,,,,,,,
1204056,(주)하이브,콘텐츠,2020,1,0,0,적정,2019년 12월 31일 까지 한영회계법인,0,0.0,,0.0,,0.0,0.0,0.0,0.0,0.0,0.0,0.0,0.0
1204056,(주)하이브,콘텐츠,2021,1,0,0,적정,료되는 보고기간의 연결재무제표는 한영회계법인,1,0.0,,0.0,,0.0,0.0,0.0,0.0,0.0,0.0,0.0,0.0
1204056,(주)하이브,콘텐츠,2022,1,0,0,적정,2021년 12월 31일 까지 삼일회계법인,1,0.0,,0.0,,0.0,0.0,0.0,0.0,0.0,0.0,0.0,0.0
1204056,(주)하이브,콘텐츠,2023,1,0,0,적정,2022년 12월 31일 까지 삼일회계법인,1,0.0,,,,0.0,0.0,0.0,,,0.0,,0.0
1204056,(주)하이브,콘텐츠,2024,1,0,0,적정,2023년 12월 31일 까지 삼일회계법인,1,,,,,,,,,,,,
1208821,(주)팡스카이,게임,2019,1,0,0,적정,2019년 12월 31일 까지 이촌회계법인,0,1.0,GC 재기재,1.0,GC 재기재,1.0,0.0,0.0,0.0,0.0,0.0,0.0,0.0
1208821,(주)팡스카이,게임,2020,1,1,0,적정,2020년 12월 31일 까지 삼일회계법인,0,1.0,GC 재기재,1.0,GC 재기재,1.0,0.0,0.0,0.0,0.0,0.0,0.0,0.0
1208821,(주)팡스카이,게임,2021,1,1,0,적정,,0,1.0,GC 재기재,1.0,GC 재기재,1.0,0.0,0.0,0.0,0.0,0.0,0.0,0.0
1208821,(주)팡스카이,게임,2022,1,1,0,적정,료되는 보고기간의 연결재무제표는 삼일회계법인,0,1.0,GC 재기재,1.0,비적정의견,1.0,0.0,0.0,1.0,0.0,0.0,1.0,1.0
1208821,(주)팡스카이,게임,2023,1,1,0,적정,2022년 12월 31일 까지 대주회계법인,0,1.0,비적정의견,,,1.0,1.0,0.0,,,1.0,,1.0
1208821,(주)팡스카이,게임,2024,1,0,1,의견거절,2023년 12월 31일 까지 대주회계법인,0,,,,,,,,,,,,
1210190,주식회사 모비릭스,게임,2020,1,0,0,적정,별시 강남구 남부순환로 2913 대주회계법인,0,0.0,,0.0,,0.0,0.0,0.0,0.0,0.0,0.0,0.0,0.0
1210190,주식회사 모비릭스,게임,2021,1,0,0,적정,별시 강남구 남부순환로 2913 대주회계법인,1,0.0,,0.0,,0.0,0.0,0.0,0.0,0.0,0.0,0.0,0.0
1210190,주식회사 모비릭스,게임,2022,1,0,0,적정,별시 강남구 남부순환로 2913 대주회계법인,0,0.0,,0.0,,0.0,0.0,0.0,0.0,0.0,0.0,0.0,0.0
1210190,주식회사 모비릭스,게임,2023,1,0,0,적정,2022년 12월 31일 까지 대주회계법인,0,0.0,,,,0.0,0.0,0.0,,,0.0,,0.0
1210190,주식회사 모비릭스,게임,2024,1,0,0,적정,별시 강남구 남부순환로 2913 대주회계법인,1,,,,,,,,,,,,
1259056,(주)애닉,게임,2019,1,0,0,적정,재무담당이사 안진회계법인,1,0.0,,1.0,비적정의견,1.0,0.0,0.0,1.0,0.0,0.0,1.0,1.0
1259056,(주)애닉,게임,2020,1,0,0,적정,베스파 재무담당이사 안진회계법인,1,1.0,비적정의견,1.0,GC 재기재,1.0,1.0,0.0,0.0,0.0,1.0,0.0,1.0
1259056,(주)애닉,게임,2021,1,0,1,의견거절,안진회계법인,0,1.0,GC 재기재,1.0,GC 재기재,1.0,0.0,0.0,0.0,0.0,0.0,0.0,0.0
1259056,(주)애닉,게임,2022,1,1,0,적정,료되는 보고기간의 연결재무제표는 안진회계법인,0,1.0,GC 재기재,1.0,보고서 제출 중단,1.0,0.0,0.0,0.0,1.0,0.0,1.0,1.0
1259056,(주)애닉,게임,2023,1,1,0,적정,2022년 12월 31일 까지 삼일회계법인,0,1.0,보고서 제출 중단,,,1.0,0.0,1.0,,,1.0,,1.0
1264438,(주)자이언트스텝,콘텐츠,2020,1,0,0,적정,2019년 12월 31일 까지 안진회계법인,0,0.0,,0.0,,0.0,0.0,0.0,0.0,0.0,0.0,0.0,0.0
1264438,(주)자이언트스텝,콘텐츠,2021,1,0,0,적정,2020년 12월 31일 까지 이촌회계법인,1,0.0,,0.0,,0.0,0.0,0.0,0.0,0.0,0.0,0.0,0.0
1264438,(주)자이언트스텝,콘텐츠,2022,1,0,0,적정,2021년 12월 31일 까지 이촌회계법인,1,0.0,,0.0,,0.0,0.0,0.0,0.0,0.0,0.0,0.0,0.0
1264438,(주)자이언트스텝,콘텐츠,2023,1,0,0,적정,2022년 12월 31일 까지 이촌회계법인,1,0.0,,,,0.0,0.0,0.0,,,0.0,,0.0
1264438,(주)자이언트스텝,콘텐츠,2024,1,0,0,적정,2023년 12월 31일 까지 이촌회계법인,1,,,,,,,,,,,,
1267222,(주)에피소드컴퍼니,콘텐츠,2019,1,0,0,미상,금정빌딩) 세정회계법인,0,0.0,,0.0,,0.0,0.0,0.0,0.0,0.0,0.0,0.0,0.0
1267222,(주)에피소드컴퍼니,콘텐츠,2020,1,0,0,미상,별시 서초구 남부순환로 2145 광교회계법인,1,0.0,,0.0,,0.0,0.0,0.0,0.0,0.0,0.0,0.0,0.0
1267222,(주)에피소드컴퍼니,콘텐츠,2021,1,0,0,미상,별시 서초구 남부순환로 2145 광교회계법인,1,0.0,,0.0,,0.0,0.0,0.0,0.0,0.0,0.0,0.0,0.0
1267222,(주)에피소드컴퍼니,콘텐츠,2022,1,0,0,미상,별시 서초구 남부순환로 2145 광교회계법인,0,0.0,,0.0,,0.0,0.0,0.0,0.0,0.0,0.0,0.0,0.0
1267222,(주)에피소드컴퍼니,콘텐츠,2023,1,0,0,미상,별시 서초구 남부순환로 2145 광교회계법인,1,0.0,,,,0.0,0.0,0.0,,,0.0,,0.0
1267222,(주)에피소드컴퍼니,콘텐츠,2024,1,0,0,미상,별시 서초구 남부순환로 2145 광교회계법인,1,,,,,,,,,,,,
1276327,(주)위지윅스튜디오,콘텐츠,2019,1,0,0,적정,강남파이낸스센터 27층) 삼정회계법인,0,0.0,,0.0,,0.0,0.0,0.0,0.0,0.0,0.0,0.0,0.0
1276327,(주)위지윅스튜디오,콘텐츠,2020,1,0,0,적정,강남파이낸스센터 27층) 삼정회계법인,1,0.0,,0.0,,0.0,0.0,0.0,0.0,0.0,0.0,0.0,0.0
1276327,(주)위지윅스튜디오,콘텐츠,2021,1,0,0,적정,강남파이낸스센터 27층) 삼정회계법인,1,0.0,,0.0,,0.0,0.0,0.0,0.0,0.0,0.0,0.0,0.0
1276327,(주)위지윅스튜디오,콘텐츠,2022,1,0,0,적정,강남파이낸스센터 27층) 삼정회계법인,2,0.0,,0.0,,0.0,0.0,0.0,0.0,0.0,0.0,0.0,0.0
1276327,(주)위지윅스튜디오,콘텐츠,2023,1,0,0,적정,강남파이낸스센터 27층) 삼정회계법인,1,0.0,,,,0.0,0.0,0.0,,,0.0,,0.0
1276327,(주)위지윅스튜디오,콘텐츠,2024,1,0,0,적정,강남파이낸스센터 27층) 삼정회계법인,1,,,,,,,,,,,,
1290248,(주)스코넥엔터테인먼트,게임,2021,1,0,0,적정,,0,0.0,,0.0,,0.0,0.0,0.0,0.0,0.0,0.0,0.0,0.0
1290248,(주)스코넥엔터테인먼트,게임,2022,1,0,0,적정,22년 12월 31일 까지 예교지성 회계법인,1,0.0,,0.0,,0.0,0.0,0.0,0.0,0.0,0.0,0.0,0.0
1290248,(주)스코넥엔터테인먼트,게임,2023,1,0,0,적정,22년 12월 31일 까지 예교지성 회계법인,1,0.0,,,,0.0,0.0,0.0,,,0.0,,0.0
1290248,(주)스코넥엔터테인먼트,게임,2024,1,0,0,적정,2023년 12월 31일 까지 예지회계법인,1,,,,,,,,,,,,
1303029,주식회사 알비더블유,콘텐츠,2021,1,0,0,적정,2021년 12월 31일 까지 삼덕회계법인,0,0.0,,0.0,,0.0,0.0,0.0,0.0,0.0,0.0,0.0,0.0
1303029,주식회사 알비더블유,콘텐츠,2022,1,0,0,적정,2021년 12월 31일 까지 삼덕회계법인,0,0.0,,0.0,,0.0,0.0,0.0,0.0,0.0,0.0,0.0,0.0
1303029,주식회사 알비더블유,콘텐츠,2023,1,0,0,적정,2022년 12월 31일 까지 삼덕회계법인,0,0.0,,,,0.0,0.0,0.0,,,0.0,,0.0
1303029,주식회사 알비더블유,콘텐츠,2024,1,0,0,적정,2023년 12월 31일 까지 삼덕회계법인,0,,,,,,,,,,,,
1335578,(주)애니플러스,콘텐츠,2019,1,0,0,적정,,0,0.0,,0.0,,0.0,0.0,0.0,0.0,0.0,0.0,0.0,0.0
1335578,(주)애니플러스,콘텐츠,2020,1,0,0,적정,료되는 보고기간의 연결재무제표는 신우회계법인,1,0.0,,0.0,,0.0,0.0,0.0,0.0,0.0,0.0,0.0,0.0
1335578,(주)애니플러스,콘텐츠,2021,1,0,0,적정,,1,0.0,,0.0,,0.0,0.0,0.0,0.0,0.0,0.0,0.0,0.0
1335578,(주)애니플러스,콘텐츠,2022,1,0,0,적정,2022년 12월 31일 까지 신우회계법인,1,0.0,,0.0,,0.0,0.0,0.0,0.0,0.0,0.0,0.0,0.0
1335578,(주)애니플러스,콘텐츠,2023,1,0,0,적정,2022년 12월 31일 까지 신우회계법인,2,0.0,,,,0.0,0.0,0.0,,,0.0,,0.0
1335578,(주)애니플러스,콘텐츠,2024,1,0,0,적정,2023년 12월 31일 까지 신우회계법인,2,,,,,,,,,,,,
1338724,주식회사 에스앤케이,게임,2020,0,0,0,,,0,1.0,보고서 없음,1.0,보고서 없음,1.0,0.0,0.0,0.0,0.0,0.0,0.0,0.0
1338724,주식회사 에스앤케이,게임,2021,0,0,0,,,0,1.0,보고서 없음,1.0,보고서 제출 중단,1.0,0.0,0.0,0.0,1.0,0.0,1.0,1.0
1338724,주식회사 에스앤케이,게임,2022,0,0,0,,,0,1.0,보고서 제출 중단,1.0,보고서 제출 중단,1.0,0.0,1.0,0.0,1.0,1.0,1.0,1.0
1343735,주식회사 데이드림엔터테인먼트,콘텐츠,2019,1,0,0,적정,,0,1.0,GC 재기재,1.0,GC 재기재,1.0,0.0,0.0,0.0,0.0,0.0,0.0,0.0
1343735,주식회사 데이드림엔터테인먼트,콘텐츠,2020,1,1,0,적정,부터 2019년 12월 31일 까지 회계법인,0,1.0,GC 재기재,1.0,GC 재기재,1.0,0.0,0.0,0.0,0.0,0.0,0.0,0.0
1343735,주식회사 데이드림엔터테인먼트,콘텐츠,2021,1,1,0,적정,부터 2020년 12월 31일 까지 회계법인,0,1.0,GC 재기재,1.0,보고서 제출 중단,1.0,0.0,0.0,0.0,1.0,0.0,1.0,1.0
1343735,주식회사 데이드림엔터테인먼트,콘텐츠,2022,1,1,0,적정,부터 2021년 12월 31일 까지 회계법인,0,1.0,보고서 제출 중단,1.0,보고서 제출 중단,1.0,0.0,1.0,0.0,1.0,1.0,1.0,1.0
1364297,(주)코퍼스코리아,콘텐츠,2019,1,0,0,적정,2019년 12월 31일 까지 대현회계법인,0,0.0,,0.0,,0.0,0.0,0.0,0.0,0.0,0.0,0.0,0.0
1364297,(주)코퍼스코리아,콘텐츠,2020,1,0,0,적정,2020년 12월 31일 까지 대현회계법인,1,0.0,,0.0,,0.0,0.0,0.0,0.0,0.0,0.0,0.0,0.0
1364297,(주)코퍼스코리아,콘텐츠,2021,1,0,0,적정,2020년 12월 31일 까지 대현회계법인,1,0.0,,0.0,,0.0,0.0,0.0,0.0,0.0,0.0,0.0,0.0
1364297,(주)코퍼스코리아,콘텐츠,2022,1,0,0,적정,2022년 12월 31일 까지 이촌회계법인,1,0.0,,0.0,,0.0,0.0,0.0,0.0,0.0,0.0,0.0,0.0
1364297,(주)코퍼스코리아,콘텐츠,2023,1,0,0,적정,2022년 12월 31일 까지 이촌회계법인,1,0.0,,,,0.0,0.0,0.0,,,0.0,,0.0
1364297,(주)코퍼스코리아,콘텐츠,2024,1,0,0,적정,2023년 12월 31일 까지 이촌회계법인,1,,,,,,,,,,,,
1384787,(주)시프트업,게임,2024,1,0,0,적정,및 감사 투입시간은 전기감사인인 삼정회계법인,0,,,,,,,,,,,,
1406265,주식회사 와이랩,콘텐츠,2023,1,0,0,적정,2023년 12월 31일 까지 삼도회계법인,1,0.0,,,,0.0,0.0,0.0,,,0.0,,0.0
1406265,주식회사 와이랩,콘텐츠,2024,1,0,0,적정,2023년 12월 31일 까지 삼도회계법인,1,,,,,,,,,,,,
1416235,고스트스튜디오(주),게임,2020,0,0,0,,,0,1.0,보고서 없음,1.0,보고서 없음,1.0,0.0,0.0,0.0,0.0,0.0,0.0,0.0
1416235,고스트스튜디오(주),게임,2021,0,0,0,,,0,1.0,보고서 없음,1.0,보고서 없음,1.0,0.0,0.0,0.0,0.0,0.0,0.0,0.0
1416235,고스트스튜디오(주),게임,2022,0,0,0,,,0,1.0,보고서 없음,1.0,보고서 없음,1.0,0.0,0.0,0.0,0.0,0.0,0.0,0.0
1416235,고스트스튜디오(주),게임,2023,0,0,0,,,0,1.0,보고서 없음,,,1.0,0.0,0.0,,,0.0,,0.0
1416235,고스트스튜디오(주),게임,2024,0,0,0,,,0,,,,,,,,,,,,
1467451,(주)케이티밀리의서재,콘텐츠,2023,1,0,0,적정,2022년 12월 31일 까지 삼정회계법인,1,0.0,,,,0.0,0.0,0.0,,,0.0,,0.0
1467451,(주)케이티밀리의서재,콘텐츠,2024,1,0,0,적정,종료되는 보고기간의 재무제표 는 삼정회계법인,1,,,,,,,,,,,,
1508855,(주)블리츠웨이엔터테인먼트,콘텐츠,2020,1,0,0,적정,2020년 12월 31일 까지 한미회계법인,1,0.0,,0.0,,0.0,0.0,0.0,0.0,0.0,0.0,0.0,0.0
1508855,(주)블리츠웨이엔터테인먼트,콘텐츠,2021,1,0,0,적정,2021년 12월 31일 까지 신우회계법인,1,0.0,,0.0,,0.0,0.0,0.0,0.0,0.0,0.0,0.0,0.0
1508855,(주)블리츠웨이엔터테인먼트,콘텐츠,2022,1,0,0,적정,2022년 12월 31일 까지 신우회계법인,1,0.0,,0.0,,0.0,0.0,0.0,0.0,0.0,0.0,0.0,0.0
1508855,(주)블리츠웨이엔터테인먼트,콘텐츠,2023,1,0,0,적정,2022년 12월 31일 까지 신우회계법인,1,0.0,,,,0.0,0.0,0.0,,,0.0,,0.0
1508855,(주)블리츠웨이엔터테인먼트,콘텐츠,2024,1,0,0,적정,2023년 12월 31일 까지 신우회계법인,1,,,,,,,,,,,,
1513699,주식회사 포바이포,콘텐츠,2022,1,0,0,적정,2022년 12월 31일 까지 신한회계법인,0,0.0,,0.0,,0.0,0.0,0.0,0.0,0.0,0.0,0.0,0.0
1513699,주식회사 포바이포,콘텐츠,2023,1,0,0,적정,2022년 12월 31일 까지 신한회계법인,1,0.0,,,,0.0,0.0,0.0,,,0.0,,0.0
1513699,주식회사 포바이포,콘텐츠,2024,1,0,0,적정,2023년 12월 31일 까지 신한회계법인,1,,,,,,,,,,,,
1518506,(주)타조이엔터테인먼트,콘텐츠,2023,1,0,0,적정,,0,0.0,,,,0.0,0.0,0.0,,,0.0,,0.0
1518506,(주)타조이엔터테인먼트,콘텐츠,2024,1,0,0,적정,,0,,,,,,,,,,,,
1584934,(주)핑거스토리,콘텐츠,2022,1,0,0,적정,2022년 12월 31일 까지 삼정회계법인,1,0.0,,0.0,,0.0,0.0,0.0,0.0,0.0,0.0,0.0,0.0
1584934,(주)핑거스토리,콘텐츠,2023,1,0,0,적정,2022년 12월 31일 까지 삼정회계법인,1,0.0,,,,0.0,0.0,0.0,,,0.0,,0.0
1584934,(주)핑거스토리,콘텐츠,2024,1,0,0,적정,강남파이낸스센터 27층) 삼정회계법인,1,,,,,,,,,,,,
1605282,(주)닷밀,콘텐츠,2024,1,0,0,적정,2024년 12월 31일 까지 삼덕회계법인,2,,,,,,,,,,,,
1703849,(주)노머스,콘텐츠,2024,1,0,0,적정,,1,,,,,,,,,,,,
1704680,(주)엠83,콘텐츠,2024,1,0,0,적정,2024년 12월 31일 까지 신한회계법인,1,,,,,,,,,,,,
