corp_code,fy,rcept_no,rcept_dt,report_nm,is_amend,기업명,군,업종코드,cand_rank
00122339,2019,20200619000475,20200619,[기재정정]사업보고서 (2019.12),1,(주)이매진아시아,콘텐츠,591,0
00122339,2019,20200330003013,20200330,사업보고서 (2019.12),0,(주)이매진아시아,콘텐츠,591,1
00122339,2020,20210326000292,20210326,사업보고서 (2020.12),0,(주)이매진아시아,콘텐츠,591,0
00130772,2019,20200330002425,20200330,사업보고서 (2019.12),0,(주)SBS,콘텐츠,60210,0
00130772,2020,20210318000400,20210318,사업보고서 (2020.12),0,(주)SBS,콘텐츠,60210,0
00130772,2021,20220317001064,20220317,사업보고서 (2021.12),0,(주)SBS,콘텐츠,60210,0
00130772,2022,20230316000964,20230316,사업보고서 (2022.12),0,(주)SBS,콘텐츠,60210,0
00130772,2023,20240321001674,20240321,사업보고서 (2023.12),0,(주)SBS,콘텐츠,60210,0
00130772,2024,20250320001108,20250320,사업보고서 (2024.12),0,(주)SBS,콘텐츠,60210,0
00130772,2025,20260319001224,20260319,사업보고서 (2025.12),0,(주)SBS,콘텐츠,60210,0
00140131,2019,20200330003517,20200330,사업보고서 (2019.12),0,(주)키다리스튜디오,콘텐츠,631,0
00140131,2020,20210318000957,20210318,사업보고서 (2020.12),0,(주)키다리스튜디오,콘텐츠,631,0
00140131,2021,20220317000876,20220317,사업보고서 (2021.12),0,(주)키다리스튜디오,콘텐츠,631,0
00140131,2022,20230316001551,20230316,사업보고서 (2022.12),0,(주)키다리스튜디오,콘텐츠,631,0
00140131,2023,20240318000710,20240318,사업보고서 (2023.12),0,(주)키다리스튜디오,콘텐츠,631,0
00140131,2024,20250319000526,20250319,사업보고서 (2024.12),0,(주)키다리스튜디오,콘텐츠,631,0
00140131,2025,20260317000560,20260317,사업보고서 (2025.12),0,(주)키다리스튜디오,콘텐츠,631,0
00145437,2019,20250819000195,20250819,[기재정정]사업보고서 (2019.12),1,주식회사 아센디오,콘텐츠,591,0
00145437,2019,20210203000514,20210203,[기재정정]사업보고서 (2019.12),1,주식회사 아센디오,콘텐츠,591,1
00145437,2019,20200330004712,20200330,사업보고서 (2019.12),0,주식회사 아센디오,콘텐츠,591,2
00145437,2020,20210416000602,20210416,[기재정정]사업보고서 (2020.12),1,주식회사 아센디오,콘텐츠,591,0
00145437,2020,20210319000869,20210319,사업보고서 (2020.12),0,주식회사 아센디오,콘텐츠,591,1
00145437,2021,20220816002550,20220816,[기재정정]사업보고서 (2021.12),1,주식회사 아센디오,콘텐츠,591,0
00145437,2021,20220321001153,20220321,사업보고서 (2021.12),0,주식회사 아센디오,콘텐츠,591,1
00145437,2022,20230320000827,20230320,사업보고서 (2022.12),0,주식회사 아센디오,콘텐츠,591,0
00145437,2023,20240801000257,20240801,[기재정정]사업보고서 (2023.12),1,주식회사 아센디오,콘텐츠,591,0
00145437,2023,20240731000745,20240731,[기재정정]사업보고서 (2023.12),1,주식회사 아센디오,콘텐츠,591,1
00145437,2023,20240320001843,20240320,사업보고서 (2023.12),0,주식회사 아센디오,콘텐츠,591,2
00145437,2024,20250321000735,20250321,사업보고서 (2024.12),0,주식회사 아센디오,콘텐츠,591,0
00145437,2025,20260318001629,20260318,사업보고서 (2025.12),0,주식회사 아센디오,콘텐츠,591,0
00146427,2019,20200330004118,20200330,사업보고서 (2019.12),0,한주에이알티(주),콘텐츠,591,0
00146427,2020,20210318001420,20210318,사업보고서 (2020.12),0,한주에이알티(주),콘텐츠,591,0
00146427,2021,20250320001348,20250320,[기재정정]사업보고서 (2021.12),1,한주에이알티(주),콘텐츠,591,0
00146427,2021,20221007000271,20221007,[기재정정]사업보고서 (2021.12),1,한주에이알티(주),콘텐츠,591,1
00146427,2021,20220315001043,20220315,사업보고서 (2021.12),0,한주에이알티(주),콘텐츠,591,2
00146427,2022,20250321000002,20250321,[기재정정]사업보고서 (2022.12),1,한주에이알티(주),콘텐츠,591,0
00146427,2022,20230323001523,20230323,사업보고서 (2022.12),0,한주에이알티(주),콘텐츠,591,1
00146427,2023,20250321000003,20250321,[기재정정]사업보고서 (2023.12),1,한주에이알티(주),콘텐츠,591,0
00146427,2023,20240731000695,20240731,[기재정정]사업보고서 (2023.12),1,한주에이알티(주),콘텐츠,591,1
00146427,2023,20240731000392,20240731,[기재정정]사업보고서 (2023.12),1,한주에이알티(주),콘텐츠,591,2
00146427,2023,20240319000859,20240319,사업보고서 (2023.12),0,한주에이알티(주),콘텐츠,591,3
00146427,2024,20250321000008,20250321,사업보고서 (2024.12),0,한주에이알티(주),콘텐츠,591,0
00146427,2025,20260318000278,20260318,사업보고서 (2025.12),0,한주에이알티(주),콘텐츠,591,0
00154426,2019,20200330001638,20200330,사업보고서 (2019.12),0,(주)아이에이치큐,콘텐츠,591,0
00154426,2020,20210318000845,20210318,사업보고서 (2020.12),0,(주)아이에이치큐,콘텐츠,591,0
00154426,2021,20220816000701,20220816,[기재정정]사업보고서 (2021.12),1,(주)아이에이치큐,콘텐츠,591,0
00154426,2021,20220315001154,20220315,사업보고서 (2021.12),0,(주)아이에이치큐,콘텐츠,591,1
00154426,2022,20230718000281,20230718,[기재정정]사업보고서 (2022.12),1,(주)아이에이치큐,콘텐츠,591,0
00154426,2022,20230714000394,20230714,[기재정정]사업보고서 (2022.12),1,(주)아이에이치큐,콘텐츠,591,1
00154426,2022,20230406000001,20230406,사업보고서 (2022.12),0,(주)아이에이치큐,콘텐츠,591,2
00154426,2022,20230322000953,20230322,사업보고서제출기한연장신고서 (2022.12),0,(주)아이에이치큐,콘텐츠,591,3
00154426,2023,20240313001724,20240313,사업보고서 (2023.12),0,(주)아이에이치큐,콘텐츠,591,0
00154426,2024,20250321000838,20250321,사업보고서 (2024.12),0,(주)아이에이치큐,콘텐츠,591,0
00154426,2025,20260320000772,20260320,사업보고서 (2025.12),0,(주)아이에이치큐,콘텐츠,591,0
00173449,2019,20200330002669,20200330,사업보고서 (2019.12),0,(주)빌리언스,콘텐츠,901,0
00173449,2020,20210617000315,20210617,[기재정정]사업보고서 (2020.12),1,(주)빌리언스,콘텐츠,901,0
00173449,2020,20210323000833,20210323,사업보고서 (2020.12),0,(주)빌리언스,콘텐츠,901,1
00173449,2021,20220325001065,20220325,[기재정정]사업보고서 (2021.12),1,(주)빌리언스,콘텐츠,901,0
00173449,2021,20220323001016,20220323,사업보고서 (2021.12),0,(주)빌리언스,콘텐츠,901,1
00173449,2022,20230323000515,20230323,사업보고서 (2022.12),0,(주)빌리언스,콘텐츠,901,0
00173449,2023,20240328001602,20240328,사업보고서 (2023.12),0,(주)빌리언스,콘텐츠,901,0
00173449,2023,20240321001993,20240322,사업보고서제출기한연장신고서 (2023.12),0,(주)빌리언스,콘텐츠,901,1
00173449,2024,20250312001143,20250313,사업보고서 (2024.12),0,(주)빌리언스,콘텐츠,901,0
00173449,2025,20260323000776,20260323,사업보고서 (2025.12),0,(주)빌리언스,콘텐츠,901,0
00200275,2019,20201224000488,20201224,[기재정정]사업보고서 (2019.12),1,(주)와이티엔,콘텐츠,591,0
00200275,2019,20200330004323,20200330,사업보고서 (2019.12),0,(주)와이티엔,콘텐츠,591,1
00200275,2020,20210318000622,20210318,사업보고서 (2020.12),0,(주)와이티엔,콘텐츠,591,0
00200275,2021,20220323001131,20220323,사업보고서 (2021.12),0,(주)와이티엔,콘텐츠,591,0
00200275,2022,20230322000905,20230322,사업보고서 (2022.12),0,(주)와이티엔,콘텐츠,591,0
00200275,2023,20240321000526,20240321,사업보고서 (2023.12),0,(주)와이티엔,콘텐츠,591,0
00200275,2024,20250520000070,20250520,[기재정정]사업보고서 (2024.12),1,(주)와이티엔,콘텐츠,591,0
00200275,2024,20250320001540,20250320,사업보고서 (2024.12),0,(주)와이티엔,콘텐츠,591,1
00200275,2025,20260319001233,20260319,사업보고서 (2025.12),0,(주)와이티엔,콘텐츠,591,0
00203315,2019,20200330002955,20200330,사업보고서 (2019.12),0,(주)콘텐트리중앙,콘텐츠,591,0
00203315,2020,20210317000814,20210317,사업보고서 (2020.12),0,(주)콘텐트리중앙,콘텐츠,591,0
00203315,2021,20220323001342,20220323,사업보고서 (2021.12),0,(주)콘텐트리중앙,콘텐츠,591,0
00203315,2022,20230321001329,20230321,사업보고서 (2022.12),0,(주)콘텐트리중앙,콘텐츠,591,0
00203315,2023,20240320001970,20240320,사업보고서 (2023.12),0,(주)콘텐트리중앙,콘텐츠,591,0
00203315,2024,20250320001749,20250320,사업보고서 (2024.12),0,(주)콘텐트리중앙,콘텐츠,591,0
00203315,2025,20260318001520,20260318,사업보고서 (2025.12),0,(주)콘텐트리중앙,콘텐츠,591,0
00204642,2019,20200330000512,20200330,사업보고서 (2019.12),0,(주)티비씨,콘텐츠,60210,0
00204642,2020,20210317000389,20210317,사업보고서 (2020.12),0,(주)티비씨,콘텐츠,60210,0
00204642,2021,20220316000640,20220316,사업보고서 (2021.12),0,(주)티비씨,콘텐츠,60210,0
00204642,2022,20230317000442,20230317,[기재정정]사업보고서 (2022.12),1,(주)티비씨,콘텐츠,60210,0
00204642,2022,20230316001122,20230316,[기재정정]사업보고서 (2022.12),1,(주)티비씨,콘텐츠,60210,1
00204642,2022,20230315001317,20230315,사업보고서 (2022.12),0,(주)티비씨,콘텐츠,60210,2
00204642,2023,20240321001617,20240321,사업보고서 (2023.12),0,(주)티비씨,콘텐츠,60210,0
00204642,2024,20250513000334,20250513,[기재정정]사업보고서 (2024.12),1,(주)티비씨,콘텐츠,60210,0
00204642,2024,20250327000933,20250327,[기재정정]사업보고서 (2024.12),1,(주)티비씨,콘텐츠,60210,1
00204642,2024,20250320000674,20250320,사업보고서 (2024.12),0,(주)티비씨,콘텐츠,60210,2
00204642,2025,20260319000683,20260319,사업보고서 (2025.12),0,(주)티비씨,콘텐츠,60210,0
00207755,2019,20200330002214,20200330,사업보고서 (2019.12),0,(주)지에스홈쇼핑,콘텐츠,602,0
00207755,2020,20210317000112,20210317,사업보고서 (2020.12),0,(주)지에스홈쇼핑,콘텐츠,602,0
00208134,2019,20200330000904,20200330,사업보고서 (2019.12),0,(주)케이엔엔,콘텐츠,60210,0
00208134,2020,20210218001114,20210218,사업보고서 (2020.12),0,(주)케이엔엔,콘텐츠,60210,0
00208134,2021,20220314000905,20220314,사업보고서 (2021.12),0,(주)케이엔엔,콘텐츠,60210,0
00208134,2022,20230315001086,20230315,사업보고서 (2022.12),0,(주)케이엔엔,콘텐츠,60210,0
00208134,2023,20240313001296,20240313,사업보고서 (2023.12),0,(주)케이엔엔,콘텐츠,60210,0
00208134,2024,20250313000812,20250313,사업보고서 (2024.12),0,(주)케이엔엔,콘텐츠,60210,0
00208134,2025,20260316000737,20260316,사업보고서 (2025.12),0,(주)케이엔엔,콘텐츠,60210,0
00222532,2019,20200330004028,20200330,사업보고서 (2019.12),0,(주)엘지헬로비전,콘텐츠,60222,0
00222532,2020,20210304000345,20210304,사업보고서 (2020.12),0,(주)엘지헬로비전,콘텐츠,60222,0
00222532,2021,20220303000727,20220303,사업보고서 (2021.12),0,(주)엘지헬로비전,콘텐츠,60222,0
00222532,2022,20230321000780,20230321,[기재정정]사업보고서 (2022.12),1,(주)엘지헬로비전,콘텐츠,60222,0
00222532,2022,20230302000630,20230302,사업보고서 (2022.12),0,(주)엘지헬로비전,콘텐츠,60222,1
00222532,2023,20240306000614,20240306,사업보고서 (2023.12),0,(주)엘지헬로비전,콘텐츠,60222,0
00222532,2024,20250306000713,20250306,사업보고서 (2024.12),0,(주)엘지헬로비전,콘텐츠,60222,0
00222532,2025,20260316000756,20260316,사업보고서 (2025.12),0,(주)엘지헬로비전,콘텐츠,60222,0
00223762,2019,20200330004502,20200330,사업보고서 (2019.12),0,(주)케이티지니뮤직,콘텐츠,603,0
00223762,2020,20210316000511,20210316,사업보고서 (2020.12),0,(주)케이티지니뮤직,콘텐츠,603,0
00223762,2021,20220321001520,20220321,사업보고서 (2021.12),0,(주)케이티지니뮤직,콘텐츠,603,0
00223762,2022,20230323000549,20230323,사업보고서 (2022.12),0,(주)케이티지니뮤직,콘텐츠,603,0
00223762,2023,20240320000488,20240320,사업보고서 (2023.12),0,(주)케이티지니뮤직,콘텐츠,603,0
00223762,2024,20250318000473,20250318,사업보고서 (2024.12),0,(주)케이티지니뮤직,콘텐츠,603,0
00223762,2025,20260605000121,20260605,[기재정정]사업보고서 (2025.12),1,(주)케이티지니뮤직,콘텐츠,603,0
00223762,2025,20260318000742,20260318,사업보고서 (2025.12),0,(주)케이티지니뮤직,콘텐츠,603,1
00230036,2019,20200327000745,20200327,사업보고서 (2019.12),0,(주)드래곤플라이,게임,5821,0
00230036,2020,20210315001026,20210315,사업보고서 (2020.12),0,(주)드래곤플라이,게임,5821,0
00230036,2021,20220317000714,20220317,사업보고서 (2021.12),0,(주)드래곤플라이,게임,5821,0
00230036,2022,20230316000971,20230316,사업보고서 (2022.12),0,(주)드래곤플라이,게임,5821,0
00230036,2023,20240314001678,20240314,사업보고서 (2023.12),0,(주)드래곤플라이,게임,5821,0
00230036,2024,20250324000194,20250324,사업보고서 (2024.12),0,(주)드래곤플라이,게임,5821,0
00230036,2025,20260323001648,20260323,사업보고서 (2025.12),0,(주)드래곤플라이,게임,5821,0
00231691,2019,20200330002130,20200330,사업보고서 (2019.12),0,(주)판타지오,콘텐츠,901,0
00231691,2020,20221111000182,20221111,[첨부정정]사업보고서 (2020.12),1,(주)판타지오,콘텐츠,901,0
00231691,2020,20210406000608,20210406,[기재정정]사업보고서 (2020.12),1,(주)판타지오,콘텐츠,901,1
00231691,2020,20210317000429,20210317,사업보고서 (2020.12),0,(주)판타지오,콘텐츠,901,2
00231691,2021,20220923000215,20220923,[첨부정정]사업보고서 (2021.12),1,(주)판타지오,콘텐츠,901,0
00231691,2021,20220318000737,20220318,사업보고서 (2021.12),0,(주)판타지오,콘텐츠,901,1
00231691,2022,20220914000075,20220914,사업보고서 (2022.06),0,(주)판타지오,콘텐츠,901,0
00231691,2023,20230915000455,20230915,사업보고서 (2023.06),0,(주)판타지오,콘텐츠,901,0
00231691,2024,20240919000261,20240919,사업보고서 (2024.06),0,(주)판타지오,콘텐츠,901,0
00231691,2025,20250917000341,20250917,사업보고서 (2025.06),0,(주)판타지오,콘텐츠,901,0
00249441,2019,20200330001575,20200330,사업보고서 (2019.12),0,(주)씨씨에스충북방송,콘텐츠,60222,0
00249441,2020,20210322000376,20210322,사업보고서 (2020.12),0,(주)씨씨에스충북방송,콘텐츠,60222,0
00249441,2021,20220321000539,20220321,사업보고서 (2021.12),0,(주)씨씨에스충북방송,콘텐츠,60222,0
00249441,2022,20230320000593,20230320,사업보고서 (2022.12),0,(주)씨씨에스충북방송,콘텐츠,60222,0
00249441,2023,20240320001271,20240320,사업보고서 (2023.12),0,(주)씨씨에스충북방송,콘텐츠,60222,0
00249441,2024,20250704000481,20250704,[기재정정]사업보고서 (2024.12),1,(주)씨씨에스충북방송,콘텐츠,60222,0
00249441,2024,20250318000259,20250318,사업보고서 (2024.12),0,(주)씨씨에스충북방송,콘텐츠,60222,1
00249441,2025,20260323001734,20260323,사업보고서 (2025.12),0,(주)씨씨에스충북방송,콘텐츠,60222,0
00258689,2019,20200331000235,20200331,[기재정정]사업보고서 (2019.12),1,(주)제이와이피엔터테인먼트,콘텐츠,59201,0
00258689,2019,20200330003245,20200330,[첨부추가]사업보고서 (2019.12),0,(주)제이와이피엔터테인먼트,콘텐츠,59201,1
00258689,2020,20210318001273,20210318,사업보고서 (2020.12),0,(주)제이와이피엔터테인먼트,콘텐츠,59201,0
00258689,2021,20220321001029,20220321,사업보고서 (2021.12),0,(주)제이와이피엔터테인먼트,콘텐츠,59201,0
00258689,2022,20230320000741,20230320,사업보고서 (2022.12),0,(주)제이와이피엔터테인먼트,콘텐츠,59201,0
00258689,2023,20240318000479,20240318,사업보고서 (2023.12),0,(주)제이와이피엔터테인먼트,콘텐츠,59201,0
00258689,2024,20250317000598,20250317,사업보고서 (2024.12),0,(주)제이와이피엔터테인먼트,콘텐츠,59201,0
00258689,2025,20260318001519,20260318,사업보고서 (2025.12),0,(주)제이와이피엔터테인먼트,콘텐츠,59201,0
00259590,2019,20200330001573,20200330,사업보고서 (2019.12),0,(주)바른손이앤에이,콘텐츠,591,0
00259590,2020,20210322001072,20210322,사업보고서 (2020.12),0,(주)바른손이앤에이,콘텐츠,591,0
00259590,2021,20220816002112,20220816,[기재정정]사업보고서 (2021.12),1,(주)바른손이앤에이,콘텐츠,591,0
00259590,2021,20220322000831,20220322,사업보고서 (2021.12),0,(주)바른손이앤에이,콘텐츠,591,1
00259590,2022,20230322001107,20230322,사업보고서 (2022.12),0,(주)바른손이앤에이,콘텐츠,591,0
00259590,2023,20240320001486,20240320,사업보고서 (2023.12),0,(주)바른손이앤에이,콘텐츠,591,0
00259590,2024,20250320001242,20250320,사업보고서 (2024.12),0,(주)바른손이앤에이,콘텐츠,591,0
00259590,2025,20260320001010,20260320,사업보고서 (2025.12),0,(주)바른손이앤에이,콘텐츠,591,0
00260930,2019,20200330004089,20200330,사업보고서 (2019.12),0,(주)에스엠엔터테인먼트,콘텐츠,59201,0
00260930,2020,20210322001115,20210322,사업보고서 (2020.12),0,(주)에스엠엔터테인먼트,콘텐츠,59201,0
00260930,2021,20220331003351,20220331,[기재정정]사업보고서 (2021.12),1,(주)에스엠엔터테인먼트,콘텐츠,59201,0
00260930,2021,20220323001290,20220323,사업보고서 (2021.12),0,(주)에스엠엔터테인먼트,콘텐츠,59201,1
00260930,2022,20230331004445,20230331,[기재정정]사업보고서 (2022.12),1,(주)에스엠엔터테인먼트,콘텐츠,59201,0
00260930,2022,20230323001460,20230323,사업보고서 (2022.12),0,(주)에스엠엔터테인먼트,콘텐츠,59201,1
00260930,2023,20240322000886,20240322,[기재정정]사업보고서 (2023.12),1,(주)에스엠엔터테인먼트,콘텐츠,59201,0
00260930,2023,20240319000808,20240319,사업보고서 (2023.12),0,(주)에스엠엔터테인먼트,콘텐츠,59201,1
00260930,2024,20250718000170,20250718,[기재정정]사업보고서 (2024.12),1,(주)에스엠엔터테인먼트,콘텐츠,59201,0
00260930,2024,20250317000813,20250317,사업보고서 (2024.12),0,(주)에스엠엔터테인먼트,콘텐츠,59201,1
00260930,2025,20260317000781,20260317,사업보고서 (2025.12),0,(주)에스엠엔터테인먼트,콘텐츠,59201,0
00263371,2019,20200327002059,20200327,사업보고서 (2019.12),0,(주)한국경제티브이,콘텐츠,60221,0
00263371,2020,20210326000643,20210326,[기재정정]사업보고서 (2020.12),1,(주)한국경제티브이,콘텐츠,60221,0
00263371,2020,20210318000764,20210318,사업보고서 (2020.12),0,(주)한국경제티브이,콘텐츠,60221,1
00263371,2021,20220317000615,20220317,사업보고서 (2021.12),0,(주)한국경제티브이,콘텐츠,60221,0
00263371,2022,20230324000965,20230324,[기재정정]사업보고서 (2022.12),1,(주)한국경제티브이,콘텐츠,60221,0
00263371,2022,20230316000338,20230316,사업보고서 (2022.12),0,(주)한국경제티브이,콘텐츠,60221,1
00263371,2023,20240322000707,20240322,[기재정정]사업보고서 (2023.12),1,(주)한국경제티브이,콘텐츠,60221,0
00263371,2023,20240314001190,20240314,사업보고서 (2023.12),0,(주)한국경제티브이,콘텐츠,60221,1
00263371,2024,20250320000818,20250320,[첨부추가]사업보고서 (2024.12),0,(주)한국경제티브이,콘텐츠,60221,0
00263371,2025,20260319000516,20260319,사업보고서 (2025.12),0,(주)한국경제티브이,콘텐츠,60221,0
00265324,2019,20200330004766,20200330,사업보고서 (2019.12),0,(주)씨제이이엔엠,콘텐츠,602,0
00265324,2020,20210416000249,20210416,[기재정정]사업보고서 (2020.12),1,(주)씨제이이엔엠,콘텐츠,602,0
00265324,2020,20210322001139,20210322,[기재정정]사업보고서 (2020.12),1,(주)씨제이이엔엠,콘텐츠,602,1
00265324,2020,20210322000740,20210322,사업보고서 (2020.12),0,(주)씨제이이엔엠,콘텐츠,602,2
00265324,2021,20220321001256,20220321,사업보고서 (2021.12),0,(주)씨제이이엔엠,콘텐츠,602,0
00265324,2022,20230320000724,20230320,사업보고서 (2022.12),0,(주)씨제이이엔엠,콘텐츠,602,0
00265324,2023,20240318000857,20240318,사업보고서 (2023.12),0,(주)씨제이이엔엠,콘텐츠,602,0
00265324,2024,20250319000884,20250319,사업보고서 (2024.12),0,(주)씨제이이엔엠,콘텐츠,602,0
00265324,2025,20260318001469,20260318,사업보고서 (2025.12),0,(주)씨제이이엔엠,콘텐츠,602,0
00266943,2019,20200330003825,20200330,사업보고서 (2019.12),0,넥슨지티(주),게임,5821,0
00266943,2020,20210317000666,20210317,사업보고서 (2020.12),0,넥슨지티(주),게임,5821,0
00266943,2021,20220317000812,20220317,사업보고서 (2021.12),0,넥슨지티(주),게임,5821,0
00280688,2019,20200330002703,20200330,사업보고서 (2019.12),0,스튜디오에스(주),콘텐츠,591,0
00280688,2020,20210318000705,20210318,사업보고서 (2020.12),0,스튜디오에스(주),콘텐츠,591,0
00280688,2021,20220317001191,20220317,사업보고서 (2021.12),0,스튜디오에스(주),콘텐츠,591,0
00280688,2022,20230315001296,20230315,사업보고서 (2022.12),0,스튜디오에스(주),콘텐츠,591,0
00280688,2023,20240321001065,20240321,사업보고서 (2023.12),0,스튜디오에스(주),콘텐츠,591,0
00299464,2019,20210322000479,20210322,[기재정정]사업보고서 (2019.12),1,(주)초록뱀미디어,콘텐츠,59114,0
00299464,2019,20200326000624,20200326,사업보고서 (2019.12),0,(주)초록뱀미디어,콘텐츠,59114,1
00299464,2020,20210330000707,20210330,[기재정정]사업보고서 (2020.12),1,(주)초록뱀미디어,콘텐츠,59114,0
00299464,2020,20210322000509,20210322,사업보고서 (2020.12),0,(주)초록뱀미디어,콘텐츠,59114,1
00299464,2021,20220322001073,20220322,사업보고서 (2021.12),0,(주)초록뱀미디어,콘텐츠,59114,0
00299464,2022,20230322001131,20230322,사업보고서 (2022.12),0,(주)초록뱀미디어,콘텐츠,59114,0
00299464,2023,20240320001829,20240320,사업보고서 (2023.12),0,(주)초록뱀미디어,콘텐츠,59114,0
00299464,2024,20250321001771,20250321,사업보고서 (2024.12),0,(주)초록뱀미디어,콘텐츠,59114,0
00299464,2025,20260323000926,20260323,사업보고서 (2025.12),0,(주)초록뱀미디어,콘텐츠,59114,0
00301112,2019,20200327001117,20200327,사업보고서 (2019.12),0,(주)삼화네트웍스,콘텐츠,59120,0
00301112,2020,20210322000251,20210322,사업보고서 (2020.12),0,(주)삼화네트웍스,콘텐츠,59120,0
00301112,2021,20220322000295,20220322,사업보고서 (2021.12),0,(주)삼화네트웍스,콘텐츠,59120,0
00301112,2022,20230323000380,20230323,사업보고서 (2022.12),0,(주)삼화네트웍스,콘텐츠,59120,0
00301112,2023,20240321001036,20240321,사업보고서 (2023.12),0,(주)삼화네트웍스,콘텐츠,59120,0
00301112,2024,20250320000129,20250320,사업보고서 (2024.12),0,(주)삼화네트웍스,콘텐츠,59120,0
00301112,2025,20260318000485,20260318,사업보고서 (2025.12),0,(주)삼화네트웍스,콘텐츠,59120,0
00303794,2019,20200330002612,20200330,사업보고서 (2019.12),0,(주)쇼박스,콘텐츠,59130,0
00303794,2020,20210310001210,20210310,사업보고서 (2020.12),0,(주)쇼박스,콘텐츠,59130,0
00303794,2021,20220315001143,20220315,사업보고서 (2021.12),0,(주)쇼박스,콘텐츠,59130,0
00303794,2022,20230315001421,20230315,사업보고서 (2022.12),0,(주)쇼박스,콘텐츠,59130,0
00303794,2023,20240313001426,20240313,사업보고서 (2023.12),0,(주)쇼박스,콘텐츠,59130,0
00303794,2024,20250317000833,20250317,사업보고서 (2024.12),0,(주)쇼박스,콘텐츠,59130,0
00303794,2025,20260318001592,20260318,사업보고서 (2025.12),0,(주)쇼박스,콘텐츠,59130,0
00303873,2019,20200330003232,20200330,사업보고서 (2019.12),0,씨제이씨지브이(주),콘텐츠,59141,0
00303873,2020,20210319001272,20210319,사업보고서 (2020.12),0,씨제이씨지브이(주),콘텐츠,59141,0
00303873,2021,20220321001182,20220321,사업보고서 (2021.12),0,씨제이씨지브이(주),콘텐츠,59141,0
00303873,2022,20230320001054,20230320,사업보고서 (2022.12),0,씨제이씨지브이(주),콘텐츠,59141,0
00303873,2023,20240318000720,20240318,사업보고서 (2023.12),0,씨제이씨지브이(주),콘텐츠,59141,0
00303873,2024,20250321001474,20250321,[기재정정]사업보고서 (2024.12),1,씨제이씨지브이(주),콘텐츠,59141,0
00303873,2024,20250317000874,20250317,사업보고서 (2024.12),0,씨제이씨지브이(주),콘텐츠,59141,1
00303873,2025,20260318001114,20260318,사업보고서 (2025.12),0,씨제이씨지브이(주),콘텐츠,59141,0
00347877,2019,20200330002517,20200330,사업보고서 (2019.12),0,(주)세영디앤씨,콘텐츠,901,0
00347877,2020,20210324000479,20210324,[기재정정]사업보고서 (2020.12),1,(주)세영디앤씨,콘텐츠,901,0
00347877,2020,20210323001177,20210323,사업보고서 (2020.12),0,(주)세영디앤씨,콘텐츠,901,1
00347877,2021,20220816001901,20220816,[기재정정]사업보고서 (2021.12),1,(주)세영디앤씨,콘텐츠,901,0
00347877,2021,20220323001134,20220323,사업보고서 (2021.12),0,(주)세영디앤씨,콘텐츠,901,1
00347877,2022,20230323001122,20230323,사업보고서 (2022.12),0,(주)세영디앤씨,콘텐츠,901,0
00347877,2023,20240321000531,20240321,사업보고서 (2023.12),0,(주)세영디앤씨,콘텐츠,901,0
00347877,2024,20250321000834,20250321,사업보고서 (2024.12),0,(주)세영디앤씨,콘텐츠,901,0
00347877,2025,20260331002442,20260331,[기재정정]사업보고서 (2025.12),1,(주)세영디앤씨,콘텐츠,901,0
00347877,2025,20260323000871,20260323,사업보고서 (2025.12),0,(주)세영디앤씨,콘텐츠,901,1
00348034,2019,20200330002925,20200330,사업보고서 (2019.12),0,(주)액토즈소프트,게임,5821,0
00348034,2020,20210323000612,20210323,사업보고서 (2020.12),0,(주)액토즈소프트,게임,5821,0
00348034,2021,20220322000871,20220322,사업보고서 (2021.12),0,(주)액토즈소프트,게임,5821,0
00348034,2022,20230323001558,20230323,사업보고서 (2022.12),0,(주)액토즈소프트,게임,5821,0
00348034,2023,20240321001839,20240321,사업보고서 (2023.12),0,(주)액토즈소프트,게임,5821,0
00348034,2024,20250320001182,20250320,사업보고서 (2024.12),0,(주)액토즈소프트,게임,5821,0
00348034,2025,20260507000454,20260507,[기재정정]사업보고서 (2025.12),1,(주)액토즈소프트,게임,5821,0
00348034,2025,20260323001009,20260323,사업보고서 (2025.12),0,(주)액토즈소프트,게임,5821,1
00348292,2019,20200327001937,20200327,사업보고서 (2019.12),0,(주)한빛소프트,게임,5821,0
00348292,2020,20210318001250,20210318,사업보고서 (2020.12),0,(주)한빛소프트,게임,5821,0
00348292,2021,20220805000404,20220805,[기재정정]사업보고서 (2021.12),1,(주)한빛소프트,게임,5821,0
00348292,2021,20220316001384,20220316,사업보고서 (2021.12),0,(주)한빛소프트,게임,5821,1
00348292,2022,20230313000859,20230313,사업보고서 (2022.12),0,(주)한빛소프트,게임,5821,0
00348292,2023,20240319000743,20240319,사업보고서 (2023.12),0,(주)한빛소프트,게임,5821,0
00348292,2024,20250318000817,20250318,사업보고서 (2024.12),0,(주)한빛소프트,게임,5821,0
00348292,2025,20260312001259,20260312,사업보고서 (2025.12),0,(주)한빛소프트,게임,5821,0
00349097,2019,20200330003670,20200330,사업보고서 (2019.12),0,(주)케이티스카이라이프,콘텐츠,60229,0
00349097,2020,20210323000841,20210323,사업보고서 (2020.12),0,(주)케이티스카이라이프,콘텐츠,60229,0
00349097,2021,20220930000032,20220930,[기재정정]사업보고서 (2021.12),1,(주)케이티스카이라이프,콘텐츠,60229,0
00349097,2021,20220321001037,20220321,사업보고서 (2021.12),0,(주)케이티스카이라이프,콘텐츠,60229,1
00349097,2022,20230323001208,20230323,사업보고서 (2022.12),0,(주)케이티스카이라이프,콘텐츠,60229,0
00349097,2023,20240320001942,20240320,[첨부정정]사업보고서 (2023.12),1,(주)케이티스카이라이프,콘텐츠,60229,0
00349097,2023,20240320001841,20240320,사업보고서 (2023.12),0,(주)케이티스카이라이프,콘텐츠,60229,1
00349097,2024,20250318001057,20250318,사업보고서 (2024.12),0,(주)케이티스카이라이프,콘텐츠,60229,0
00349097,2025,20260318001593,20260318,[기재정정]사업보고서 (2025.12),1,(주)케이티스카이라이프,콘텐츠,60229,0
00349097,2025,20260318000272,20260318,사업보고서 (2025.12),0,(주)케이티스카이라이프,콘텐츠,60229,1
00353762,2019,20200330003128,20200330,사업보고서 (2019.12),0,(주)키이스트,콘텐츠,59130,0
00353762,2020,20210317000477,20210317,사업보고서 (2020.12),0,(주)키이스트,콘텐츠,59130,0
00353762,2021,20221021000322,20221021,[기재정정]사업보고서 (2021.12),1,(주)키이스트,콘텐츠,59130,0
00353762,2021,20220321000859,20220321,사업보고서 (2021.12),0,(주)키이스트,콘텐츠,59130,1
00353762,2022,20230321001077,20230321,사업보고서 (2022.12),0,(주)키이스트,콘텐츠,59130,0
00353762,2023,20240318000810,20240318,사업보고서 (2023.12),0,(주)키이스트,콘텐츠,59130,0
00353762,2024,20250314001265,20250314,사업보고서 (2024.12),0,(주)키이스트,콘텐츠,59130,0
00353762,2025,20260316001281,20260316,사업보고서 (2025.12),0,(주)키이스트,콘텐츠,59130,0
00359474,2019,20200327002056,20200327,사업보고서 (2019.12),0,(주)제이웨이,콘텐츠,59130,0
00359474,2020,20210601000338,20210601,[기재정정]사업보고서 (2020.12),1,(주)제이웨이,콘텐츠,59130,0
00359474,2020,20210329001206,20210329,사업보고서 (2020.12),0,(주)제이웨이,콘텐츠,59130,1
00359474,2021,20220816000398,20220816,[기재정정]사업보고서 (2021.12),1,(주)제이웨이,콘텐츠,59130,0
00359474,2021,20220405001351,20220405,사업보고서 (2021.12),0,(주)제이웨이,콘텐츠,59130,1
00359474,2022,20230713000169,20230713,[기재정정]사업보고서 (2022.12),1,(주)제이웨이,콘텐츠,59130,0
00359474,2022,20230331004382,20230331,사업보고서 (2022.12),0,(주)제이웨이,콘텐츠,59130,1
00364467,2019,20200330003890,20200330,사업보고서 (2019.12),0,(주)드림어스컴퍼니,콘텐츠,603,0
00364467,2020,20210322000628,20210322,사업보고서 (2020.12),0,(주)드림어스컴퍼니,콘텐츠,603,0
00364467,2021,20220322000899,20220322,사업보고서 (2021.12),0,(주)드림어스컴퍼니,콘텐츠,603,0
00364467,2022,20230322001279,20230322,사업보고서 (2022.12),0,(주)드림어스컴퍼니,콘텐츠,603,0
00364467,2023,20240321000542,20240321,사업보고서 (2023.12),0,(주)드림어스컴퍼니,콘텐츠,603,0
00364467,2024,20250320000944,20250320,사업보고서 (2024.12),0,(주)드림어스컴퍼니,콘텐츠,603,0
00364467,2025,20260319000743,20260319,사업보고서 (2025.12),0,(주)드림어스컴퍼니,콘텐츠,603,0
00364795,2019,20200824000087,20200824,[기재정정]사업보고서 (2019.12),1,(주)레드로버,콘텐츠,59112,0
00364795,2019,20200327000379,20200327,사업보고서 (2019.12),0,(주)레드로버,콘텐츠,59112,1
00364795,2020,20210322001063,20210322,사업보고서 (2020.12),0,(주)레드로버,콘텐츠,59112,0
00364795,2021,20220516002417,20220516,사업보고서 (2021.12),0,(주)레드로버,콘텐츠,59112,0
00364795,2022,20230407002478,20230407,사업보고서 (2022.12),0,(주)레드로버,콘텐츠,59112,0
00364795,2023,20240329001118,20240329,사업보고서 (2023.12),0,(주)레드로버,콘텐츠,59112,0
00364795,2024,20260413003216,20260414,[첨부정정]사업보고서 (2024.12),1,(주)레드로버,콘텐츠,59112,0
00364795,2024,20250331003766,20250331,사업보고서 (2024.12),0,(주)레드로버,콘텐츠,59112,1
00364795,2025,20260413003208,20260414,[첨부정정]사업보고서 (2025.12),1,(주)레드로버,콘텐츠,59112,0
00364795,2025,20260330000689,20260330,사업보고서 (2025.12),0,(주)레드로버,콘텐츠,59112,1
00370006,2019,20200330003639,20200330,사업보고서 (2019.12),0,(주)아이엠비씨,콘텐츠,603,0
00370006,2020,20210322000753,20210322,사업보고서 (2020.12),0,(주)아이엠비씨,콘텐츠,603,0
00370006,2021,20220322000895,20220322,사업보고서 (2021.12),0,(주)아이엠비씨,콘텐츠,603,0
00370006,2022,20230322001119,20230322,사업보고서 (2022.12),0,(주)아이엠비씨,콘텐츠,603,0
00370006,2023,20240320001641,20240320,사업보고서 (2023.12),0,(주)아이엠비씨,콘텐츠,603,0
00370006,2024,20250321000093,20250321,[기재정정]사업보고서 (2024.12),1,(주)아이엠비씨,콘텐츠,603,0
00370006,2024,20250320001124,20250320,사업보고서 (2024.12),0,(주)아이엠비씨,콘텐츠,603,1
00370006,2025,20260320000320,20260320,사업보고서 (2025.12),0,(주)아이엠비씨,콘텐츠,603,0
00397058,2019,20200330001002,20200330,사업보고서 (2019.12),0,주식회사 엠게임,게임,5821,0
00397058,2020,20210319000589,20210319,사업보고서 (2020.12),0,주식회사 엠게임,게임,5821,0
00397058,2021,20220318000409,20220318,사업보고서 (2021.12),0,주식회사 엠게임,게임,5821,0
00397058,2022,20230317000318,20230317,사업보고서 (2022.12),0,주식회사 엠게임,게임,5821,0
00397058,2023,20240424000045,20240424,[기재정정]사업보고서 (2023.12),1,주식회사 엠게임,게임,5821,0
00397058,2023,20240315000213,20240315,사업보고서 (2023.12),0,주식회사 엠게임,게임,5821,1
00397058,2024,20250314000862,20250314,사업보고서 (2024.12),0,주식회사 엠게임,게임,5821,0
00397058,2025,20260316000001,20260316,사업보고서 (2025.12),0,주식회사 엠게임,게임,5821,0
00397191,2019,20200330000224,20200330,사업보고서 (2019.12),0,(주)팬엔터테인먼트,콘텐츠,59114,0
00397191,2020,20210331002406,20210331,[기재정정]사업보고서 (2020.12),1,(주)팬엔터테인먼트,콘텐츠,59114,0
00397191,2020,20210317000983,20210317,사업보고서 (2020.12),0,(주)팬엔터테인먼트,콘텐츠,59114,1
00397191,2021,20220317001238,20220317,사업보고서 (2021.12),0,(주)팬엔터테인먼트,콘텐츠,59114,0
00397191,2022,20230316000308,20230316,사업보고서 (2022.12),0,(주)팬엔터테인먼트,콘텐츠,59114,0
00397191,2023,20240320000974,20240320,사업보고서 (2023.12),0,(주)팬엔터테인먼트,콘텐츠,59114,0
00397191,2024,20250318001438,20250318,사업보고서 (2024.12),0,(주)팬엔터테인먼트,콘텐츠,59114,0
00397191,2025,20260318001133,20260318,사업보고서 (2025.12),0,(주)팬엔터테인먼트,콘텐츠,59114,0
00397252,2019,20200330003140,20200330,사업보고서 (2019.12),0,(주)조이시티,게임,5821,0
00397252,2020,20210614000158,20210614,[기재정정]사업보고서 (2020.12),1,(주)조이시티,게임,5821,0
00397252,2020,20210317000894,20210317,사업보고서 (2020.12),0,(주)조이시티,게임,5821,1
00397252,2021,20220816000429,20220816,[기재정정]사업보고서 (2021.12),1,(주)조이시티,게임,5821,0
00397252,2021,20220324000562,20220324,[기재정정]사업보고서 (2021.12),1,(주)조이시티,게임,5821,1
00397252,2021,20220321001510,20220321,사업보고서 (2021.12),0,(주)조이시티,게임,5821,2
00397252,2022,20230317001062,20230317,사업보고서 (2022.12),0,(주)조이시티,게임,5821,0
00397252,2023,20240319000003,20240319,사업보고서 (2023.12),0,(주)조이시티,게임,5821,0
00397252,2024,20250318001172,20250318,사업보고서 (2024.12),0,(주)조이시티,게임,5821,0
00397252,2025,20260318001295,20260318,사업보고서 (2025.12),0,(주)조이시티,게임,5821,0
00405320,2019,20200327001194,20200327,사업보고서 (2019.12),0,(주)웹젠,게임,5821,0
00405320,2020,20210311000605,20210311,사업보고서 (2020.12),0,(주)웹젠,게임,5821,0
00405320,2021,20220316000678,20220316,사업보고서 (2021.12),0,(주)웹젠,게임,5821,0
00405320,2022,20230323000286,20230323,사업보고서 (2022.12),0,(주)웹젠,게임,5821,0
00405320,2023,20240313000247,20240313,사업보고서 (2023.12),0,(주)웹젠,게임,5821,0
00405320,2024,20250320000704,20250320,사업보고서 (2024.12),0,(주)웹젠,게임,5821,0
00405320,2025,20260318000593,20260318,사업보고서 (2025.12),0,(주)웹젠,게임,5821,0
00444329,2019,20200327001813,20200327,사업보고서 (2019.12),0,(주)위메이드,게임,5821,0
00444329,2020,20210317001252,20210317,사업보고서 (2020.12),0,(주)위메이드,게임,5821,0
00444329,2021,20220330001704,20220330,사업보고서 (2021.12),0,(주)위메이드,게임,5821,0
00444329,2022,20230403003402,20230403,[기재정정]사업보고서 (2022.12),1,(주)위메이드,게임,5821,0
00444329,2022,20230327000993,20230328,사업보고서 (2022.12),0,(주)위메이드,게임,5821,1
00444329,2023,20240412003722,20240412,[기재정정]사업보고서 (2023.12),1,(주)위메이드,게임,5821,0
00444329,2023,20240321001794,20240321,사업보고서 (2023.12),0,(주)위메이드,게임,5821,1
00444329,2024,20250320001699,20250320,사업보고서 (2024.12),0,(주)위메이드,게임,5821,0
00444329,2025,20260319000853,20260319,사업보고서 (2025.12),0,(주)위메이드,게임,5821,0
00476498,2019,20200330004409,20200330,사업보고서 (2019.12),0,(주)컴투스,게임,5821,0
00476498,2020,20210318001263,20210318,사업보고서 (2020.12),0,(주)컴투스,게임,5821,0
00476498,2021,20220816002208,20220816,[기재정정]사업보고서 (2021.12),1,(주)컴투스,게임,5821,0
00476498,2021,20220321001504,20220321,사업보고서 (2021.12),0,(주)컴투스,게임,5821,1
00476498,2022,20230322001134,20230322,사업보고서 (2022.12),0,(주)컴투스,게임,5821,0
00476498,2023,20240322000010,20240322,사업보고서 (2023.12),0,(주)컴투스,게임,5821,0
00476498,2024,20250320001690,20250320,사업보고서 (2024.12),0,(주)컴투스,게임,5821,0
00476498,2025,20260320001410,20260320,사업보고서 (2025.12),0,(주)컴투스,게임,5821,0
00543204,2019,20200330000272,20200330,사업보고서 (2019.12),0,(주)아이오케이이엔엠,콘텐츠,591,0
00543204,2020,20210323000661,20210323,사업보고서 (2020.12),0,(주)아이오케이이엔엠,콘텐츠,591,0
00543204,2021,20220812000714,20220812,[기재정정]사업보고서 (2021.12),1,(주)아이오케이이엔엠,콘텐츠,591,0
00543204,2021,20220321001241,20220321,사업보고서 (2021.12),0,(주)아이오케이이엔엠,콘텐츠,591,1
00543204,2022,20240314001583,20240314,[기재정정]사업보고서 (2022.12),1,(주)아이오케이이엔엠,콘텐츠,591,0
00543204,2022,20230323000001,20230323,사업보고서 (2022.12),0,(주)아이오케이이엔엠,콘텐츠,591,1
00543204,2023,20240711000218,20240711,[기재정정]사업보고서 (2023.12),1,(주)아이오케이이엔엠,콘텐츠,591,0
00543204,2023,20240320001959,20240320,사업보고서 (2023.12),0,(주)아이오케이이엔엠,콘텐츠,591,1
00543204,2024,20250319001074,20250319,사업보고서 (2024.12),0,(주)아이오케이이엔엠,콘텐츠,591,0
00543204,2025,20260319001338,20260319,사업보고서 (2025.12),0,(주)아이오케이이엔엠,콘텐츠,591,0
00550082,2019,20200327000099,20200327,사업보고서 (2019.12),0,(주)캔버스엔,콘텐츠,59114,0
00550082,2020,20210315000442,20210315,사업보고서 (2020.12),0,(주)캔버스엔,콘텐츠,59114,0
00550082,2021,20220324000903,20220325,사업보고서 (2021.12),0,(주)캔버스엔,콘텐츠,59114,0
00550082,2022,20230321001263,20230321,사업보고서 (2022.12),0,(주)캔버스엔,콘텐츠,59114,0
00550082,2023,20240402001745,20240402,[기재정정]사업보고서 (2023.12),1,(주)캔버스엔,콘텐츠,59114,0
00550082,2023,20240320001853,20240320,사업보고서 (2023.12),0,(주)캔버스엔,콘텐츠,59114,1
00550082,2024,20250314000809,20250314,사업보고서 (2024.12),0,(주)캔버스엔,콘텐츠,59114,0
00550082,2025,20260318000445,20260318,사업보고서 (2025.12),0,(주)캔버스엔,콘텐츠,59114,0
00608699,2019,20200408002383,20200408,[기재정정]사업보고서 (2019.12),1,주식회사 탑코미디어,콘텐츠,631,0
00608699,2019,20200330003885,20200330,사업보고서 (2019.12),0,주식회사 탑코미디어,콘텐츠,631,1
00608699,2020,20210316000553,20210316,사업보고서 (2020.12),0,주식회사 탑코미디어,콘텐츠,631,0
00608699,2021,20240122000375,20240122,[기재정정]사업보고서 (2021.12),1,주식회사 탑코미디어,콘텐츠,631,0
00608699,2021,20220318000630,20220318,사업보고서 (2021.12),0,주식회사 탑코미디어,콘텐츠,631,1
00608699,2022,20240122000380,20240122,[기재정정]사업보고서 (2022.12),1,주식회사 탑코미디어,콘텐츠,631,0
00608699,2022,20230320000608,20230320,사업보고서 (2022.12),0,주식회사 탑코미디어,콘텐츠,631,1
00608699,2023,20240320002021,20240320,사업보고서 (2023.12),0,주식회사 탑코미디어,콘텐츠,631,0
00608699,2024,20250318001254,20250318,사업보고서 (2024.12),0,주식회사 탑코미디어,콘텐츠,631,0
00608699,2025,20260319000016,20260319,사업보고서 (2025.12),0,주식회사 탑코미디어,콘텐츠,631,0
00609661,2022,20230314001024,20230314,사업보고서 (2022.12),0,(주)티쓰리엔터테인먼트,게임,5821,0
00609661,2023,20240319000786,20240319,사업보고서 (2023.12),0,(주)티쓰리엔터테인먼트,게임,5821,0
00609661,2024,20250318000594,20250318,사업보고서 (2024.12),0,(주)티쓰리엔터테인먼트,게임,5821,0
00609661,2025,20260312000986,20260312,사업보고서 (2025.12),0,(주)티쓰리엔터테인먼트,게임,5821,0
00613318,2019,20200330003440,20200330,사업보고서 (2019.12),0,(주)와이지엔터테인먼트,콘텐츠,59201,0
00613318,2020,20210326000862,20210326,[기재정정]사업보고서 (2020.12),1,(주)와이지엔터테인먼트,콘텐츠,59201,0
00613318,2020,20210318001109,20210318,사업보고서 (2020.12),0,(주)와이지엔터테인먼트,콘텐츠,59201,1
00613318,2021,20220317001082,20220317,사업보고서 (2021.12),0,(주)와이지엔터테인먼트,콘텐츠,59201,0
00613318,2022,20230814002127,20230814,[기재정정]사업보고서 (2022.12),1,(주)와이지엔터테인먼트,콘텐츠,59201,0
00613318,2022,20230316001185,20230316,사업보고서 (2022.12),0,(주)와이지엔터테인먼트,콘텐츠,59201,1
00613318,2023,20240403000827,20240403,[기재정정]사업보고서 (2023.12),1,(주)와이지엔터테인먼트,콘텐츠,59201,0
00613318,2023,20240321000506,20240321,사업보고서 (2023.12),0,(주)와이지엔터테인먼트,콘텐츠,59201,1
00613318,2024,20250320001675,20250320,사업보고서 (2024.12),0,(주)와이지엔터테인먼트,콘텐츠,59201,0
00613318,2025,20260323001610,20260323,[기재정정]사업보고서 (2025.12),1,(주)와이지엔터테인먼트,콘텐츠,59201,0
00613318,2025,20260319001332,20260319,사업보고서 (2025.12),0,(주)와이지엔터테인먼트,콘텐츠,59201,1
00628860,2019,20200330003529,20200330,사업보고서 (2019.12),0,(주)네오위즈,게임,5821,0
00628860,2020,20210317001151,20210317,사업보고서 (2020.12),0,(주)네오위즈,게임,5821,0
00628860,2021,20220714000473,20220714,[기재정정]사업보고서 (2021.12),1,(주)네오위즈,게임,5821,0
00628860,2021,20220317000541,20220317,[기재정정]사업보고서 (2021.12),1,(주)네오위즈,게임,5821,1
00628860,2021,20220316001366,20220316,사업보고서 (2021.12),0,(주)네오위즈,게임,5821,2
00628860,2022,20230321001558,20230321,사업보고서 (2022.12),0,(주)네오위즈,게임,5821,0
00628860,2023,20240320001958,20240320,사업보고서 (2023.12),0,(주)네오위즈,게임,5821,0
00628860,2024,20250319000997,20250319,사업보고서 (2024.12),0,(주)네오위즈,게임,5821,0
00628860,2025,20260319001284,20260319,사업보고서 (2025.12),0,(주)네오위즈,게임,5821,0
00643656,2019,20200327002021,20200327,사업보고서 (2019.12),0,(주)위메이드맥스,게임,5821,0
00643656,2020,20210317001213,20210317,사업보고서 (2020.12),0,(주)위메이드맥스,게임,5821,0
00643656,2021,20220323001271,20220323,사업보고서 (2021.12),0,(주)위메이드맥스,게임,5821,0
00643656,2022,20230323001423,20230323,사업보고서 (2022.12),0,(주)위메이드맥스,게임,5821,0
00643656,2023,20240514001244,20240514,[기재정정]사업보고서 (2023.12),1,(주)위메이드맥스,게임,5821,0
00643656,2023,20240321001857,20240321,사업보고서 (2023.12),0,(주)위메이드맥스,게임,5821,1
00643656,2024,20250313001305,20250313,사업보고서 (2024.12),0,(주)위메이드맥스,게임,5821,0
00643656,2025,20260316001649,20260316,사업보고서 (2025.12),0,(주)위메이드맥스,게임,5821,0
00650629,2019,20200330003619,20200330,사업보고서 (2019.12),0,SBS미디어홀딩스(주),콘텐츠,602,0
00650629,2020,20210317001263,20210317,사업보고서 (2020.12),0,SBS미디어홀딩스(주),콘텐츠,602,0
00657987,2019,20200330004672,20200330,사업보고서 (2019.12),0,(주)케이엑스이노베이션,콘텐츠,60221,0
00657987,2020,20210422000546,20210422,[기재정정]사업보고서 (2020.12),1,(주)케이엑스이노베이션,콘텐츠,60221,0
00657987,2020,20210322001028,20210322,[기재정정]사업보고서 (2020.12),1,(주)케이엑스이노베이션,콘텐츠,60221,1
00657987,2020,20210318000835,20210318,사업보고서 (2020.12),0,(주)케이엑스이노베이션,콘텐츠,60221,2
00657987,2021,20220314001170,20220314,사업보고서 (2021.12),0,(주)케이엑스이노베이션,콘텐츠,60221,0
00657987,2022,20230320001039,20230320,사업보고서 (2022.12),0,(주)케이엑스이노베이션,콘텐츠,60221,0
00657987,2023,20240320001693,20240320,사업보고서 (2023.12),0,(주)케이엑스이노베이션,콘텐츠,60221,0
00657987,2024,20250318001366,20250318,사업보고서 (2024.12),0,(주)케이엑스이노베이션,콘텐츠,60221,0
00657987,2025,20260320001332,20260320,사업보고서 (2025.12),0,(주)케이엑스이노베이션,콘텐츠,60221,0
00760971,2019,20200330004316,20200330,사업보고서 (2019.12),0,주식회사 크래프톤,게임,5821,0
00760971,2020,20210331003279,20210331,사업보고서 (2020.12),0,주식회사 크래프톤,게임,5821,0
00760971,2021,20220314000894,20220314,사업보고서 (2021.12),0,주식회사 크래프톤,게임,5821,0
00760971,2022,20230320000728,20230320,사업보고서 (2022.12),0,주식회사 크래프톤,게임,5821,0
00760971,2023,20240318000420,20240318,사업보고서 (2023.12),0,주식회사 크래프톤,게임,5821,0
00760971,2024,20250318001121,20250318,사업보고서 (2024.12),0,주식회사 크래프톤,게임,5821,0
00760971,2025,20260515002689,20260515,[기재정정]사업보고서 (2025.12),1,주식회사 크래프톤,게임,5821,0
00760971,2025,20260316001313,20260316,사업보고서 (2025.12),0,주식회사 크래프톤,게임,5821,1
00814786,2019,20200214001078,20200214,[기재정정]사업보고서 (2019.06),1,(주)티엔엔터테인먼트,콘텐츠,591,0
00814786,2020,20210423000574,20210423,[기재정정]사업보고서 (2020.06),1,(주)티엔엔터테인먼트,콘텐츠,591,0
00814786,2020,20200929000888,20200929,[첨부정정]사업보고서 (2020.06),1,(주)티엔엔터테인먼트,콘텐츠,591,1
00814786,2020,20200928000251,20200928,사업보고서 (2020.06),0,(주)티엔엔터테인먼트,콘텐츠,591,2
00814786,2021,20210917000602,20210917,사업보고서 (2021.06),0,(주)티엔엔터테인먼트,콘텐츠,591,0
00814786,2022,20230322000770,20230322,사업보고서 (2022.12),0,(주)티엔엔터테인먼트,콘텐츠,591,0
00814786,2022,20220922000343,20220922,사업보고서 (2022.06),0,(주)티엔엔터테인먼트,콘텐츠,591,1
00814786,2023,20240325000304,20240325,[기재정정]사업보고서 (2023.12),1,(주)티엔엔터테인먼트,콘텐츠,591,0
00814786,2023,20240320000545,20240320,사업보고서 (2023.12),0,(주)티엔엔터테인먼트,콘텐츠,591,1
00814786,2024,20250321001356,20250321,사업보고서 (2024.12),0,(주)티엔엔터테인먼트,콘텐츠,591,0
00814786,2025,20260323001027,20260323,사업보고서 (2025.12),0,(주)티엔엔터테인먼트,콘텐츠,591,0
00815767,2019,20200330003353,20200330,사업보고서 (2019.12),0,(주)위메이드플레이,게임,5821,0
00815767,2020,20210318001377,20210318,사업보고서 (2020.12),0,(주)위메이드플레이,게임,5821,0
00815767,2021,20220323001034,20220323,사업보고서 (2021.12),0,(주)위메이드플레이,게임,5821,0
00815767,2022,20230315001343,20230315,사업보고서 (2022.12),0,(주)위메이드플레이,게임,5821,0
00815767,2023,20240314001569,20240314,사업보고서 (2023.12),0,(주)위메이드플레이,게임,5821,0
00815767,2024,20250313001411,20250313,사업보고서 (2024.12),0,(주)위메이드플레이,게임,5821,0
00815767,2025,20260316001197,20260316,사업보고서 (2025.12),0,(주)위메이드플레이,게임,5821,0
00904672,2019,20200330004828,20200330,[기재정정]사업보고서 (2019.12),1,넷마블(주),게임,5821,0
00904672,2019,20200330003816,20200330,사업보고서 (2019.12),0,넷마블(주),게임,5821,1
00904672,2020,20210318001389,20210318,사업보고서 (2020.12),0,넷마블(주),게임,5821,0
00904672,2021,20220321001426,20220321,사업보고서 (2021.12),0,넷마블(주),게임,5821,0
00904672,2022,20230321001358,20230321,사업보고서 (2022.12),0,넷마블(주),게임,5821,0
00904672,2023,20240320001885,20240320,사업보고서 (2023.12),0,넷마블(주),게임,5821,0
00904672,2024,20250321001686,20250321,사업보고서 (2024.12),0,넷마블(주),게임,5821,0
00904672,2025,20260318001170,20260318,사업보고서 (2025.12),0,넷마블(주),게임,5821,0
00925295,2019,20200330003573,20200330,사업보고서 (2019.12),0,(주)에프엔씨엔터테인먼트,콘텐츠,901,0
00925295,2020,20210319001233,20210319,사업보고서 (2020.12),0,(주)에프엔씨엔터테인먼트,콘텐츠,901,0
00925295,2021,20220321001377,20220321,사업보고서 (2021.12),0,(주)에프엔씨엔터테인먼트,콘텐츠,901,0
00925295,2022,20230321001361,20230321,사업보고서 (2022.12),0,(주)에프엔씨엔터테인먼트,콘텐츠,901,0
00925295,2023,20240320001148,20240320,사업보고서 (2023.12),0,(주)에프엔씨엔터테인먼트,콘텐츠,901,0
00925295,2024,20250318000973,20250318,사업보고서 (2024.12),0,(주)에프엔씨엔터테인먼트,콘텐츠,901,0
00925295,2025,20260721001149,20260721,[기재정정]사업보고서 (2025.12),1,(주)에프엔씨엔터테인먼트,콘텐츠,901,0
00925295,2025,20260721001105,20260721,[기재정정]사업보고서 (2025.12),1,(주)에프엔씨엔터테인먼트,콘텐츠,901,1
00925295,2025,20260319001399,20260319,[첨부추가]사업보고서 (2025.12),0,(주)에프엔씨엔터테인먼트,콘텐츠,901,2
00965813,2019,20200327000843,20200327,사업보고서 (2019.12),0,(주)미투온,게임,5821,0
00965813,2020,20210318000974,20210318,사업보고서 (2020.12),0,(주)미투온,게임,5821,0
00965813,2021,20220322000426,20220322,사업보고서 (2021.12),0,(주)미투온,게임,5821,0
00965813,2022,20230322001177,20230322,사업보고서 (2022.12),0,(주)미투온,게임,5821,0
00965813,2023,20241022000283,20241022,[첨부정정]사업보고서 (2023.12),1,(주)미투온,게임,5821,0
00965813,2023,20240321001745,20240321,사업보고서 (2023.12),0,(주)미투온,게임,5821,1
00965813,2024,20250320001679,20250320,사업보고서 (2024.12),0,(주)미투온,게임,5821,0
00965813,2025,20260320001256,20260320,사업보고서 (2025.12),0,(주)미투온,게임,5821,0
00974927,2019,20200330004443,20200330,사업보고서 (2019.12),0,(주)넥스트엔터테인먼트월드,콘텐츠,591,0
00974927,2020,20210318001309,20210318,사업보고서 (2020.12),0,(주)넥스트엔터테인먼트월드,콘텐츠,591,0
00974927,2021,20220317001168,20220317,사업보고서 (2021.12),0,(주)넥스트엔터테인먼트월드,콘텐츠,591,0
00974927,2022,20230321001370,20230321,사업보고서 (2022.12),0,(주)넥스트엔터테인먼트월드,콘텐츠,591,0
00974927,2023,20240319000700,20240319,사업보고서 (2023.12),0,(주)넥스트엔터테인먼트월드,콘텐츠,591,0
00974927,2024,20250319001098,20250319,사업보고서 (2024.12),0,(주)넥스트엔터테인먼트월드,콘텐츠,591,0
00974927,2025,20260318001609,20260318,사업보고서 (2025.12),0,(주)넥스트엔터테인먼트월드,콘텐츠,591,0
00975290,2019,20200330002625,20200330,사업보고서 (2019.12),0,(주)에이스토리,콘텐츠,591,0
00975290,2020,20210319000884,20210319,사업보고서 (2020.12),0,(주)에이스토리,콘텐츠,591,0
00975290,2021,20220321000998,20220321,사업보고서 (2021.12),0,(주)에이스토리,콘텐츠,591,0
00975290,2022,20230321000923,20230321,사업보고서 (2022.12),0,(주)에이스토리,콘텐츠,591,0
00975290,2023,20240321001572,20240321,사업보고서 (2023.12),0,(주)에이스토리,콘텐츠,591,0
00975290,2024,20250320001255,20250320,사업보고서 (2024.12),0,(주)에이스토리,콘텐츠,591,0
00975290,2025,20260318001707,20260318,사업보고서 (2025.12),0,(주)에이스토리,콘텐츠,591,0
00977696,2019,20200406003216,20200406,사업보고서 (2019.12),0,(주)넥스쳐,게임,5821,0
00977696,2019,20200319001004,20200319,사업보고서제출기한연장신고서 (2019.12),0,(주)넥스쳐,게임,5821,1
00977696,2020,20210331002262,20210331,사업보고서 (2020.12),0,(주)넥스쳐,게임,5821,0
00977696,2021,20220330001371,20220330,사업보고서 (2021.12),0,(주)넥스쳐,게임,5821,0
00977696,2022,20230322000688,20230322,사업보고서 (2022.12),0,(주)넥스쳐,게임,5821,0
00977696,2023,20240329002562,20240329,[기재정정]사업보고서 (2023.12),1,(주)넥스쳐,게임,5821,0
00977696,2023,20240321000570,20240321,사업보고서 (2023.12),0,(주)넥스쳐,게임,5821,1
00977696,2024,20250320000135,20250320,사업보고서 (2024.12),0,(주)넥스쳐,게임,5821,0
00977696,2025,20260320000602,20260320,사업보고서 (2025.12),0,(주)넥스쳐,게임,5821,0
00983271,2019,20200330003926,20200330,사업보고서 (2019.12),0,엔에이치엔(주),게임,5821,0
00983271,2020,20210315001011,20210315,사업보고서 (2020.12),0,엔에이치엔(주),게임,5821,0
00983271,2021,20220321001453,20220321,사업보고서 (2021.12),0,엔에이치엔(주),게임,5821,0
00983271,2022,20230320001095,20230320,사업보고서 (2022.12),0,엔에이치엔(주),게임,5821,0
00983271,2023,20240319000767,20240319,사업보고서 (2023.12),0,엔에이치엔(주),게임,5821,0
00983271,2024,20250331004208,20250331,[기재정정]사업보고서 (2024.12),1,엔에이치엔(주),게임,5821,0
00983271,2024,20250327001269,20250327,[기재정정]사업보고서 (2024.12),1,엔에이치엔(주),게임,5821,1
00983271,2024,20250320001574,20250320,사업보고서 (2024.12),0,엔에이치엔(주),게임,5821,2
00983271,2025,20260318001525,20260318,사업보고서 (2025.12),0,엔에이치엔(주),게임,5821,0
00985686,2019,20200330003636,20200330,사업보고서 (2019.12),0,(주)큐브엔터테인먼트,콘텐츠,59201,0
00985686,2020,20210323000884,20210323,사업보고서 (2020.12),0,(주)큐브엔터테인먼트,콘텐츠,59201,0
00985686,2021,20220322000648,20220322,사업보고서 (2021.12),0,(주)큐브엔터테인먼트,콘텐츠,59201,0
00985686,2022,20230322000862,20230322,사업보고서 (2022.12),0,(주)큐브엔터테인먼트,콘텐츠,59201,0
00985686,2023,20240320002027,20240320,사업보고서 (2023.12),0,(주)큐브엔터테인먼트,콘텐츠,59201,0
00985686,2024,20250319000765,20250319,사업보고서 (2024.12),0,(주)큐브엔터테인먼트,콘텐츠,59201,0
00985686,2025,20260319001122,20260319,사업보고서 (2025.12),0,(주)큐브엔터테인먼트,콘텐츠,59201,0
00990396,2019,20200330004514,20200330,사업보고서 (2019.12),0,(주)레드우즈,콘텐츠,59114,0
00990396,2020,20210325000991,20210325,사업보고서 (2020.12),0,(주)레드우즈,콘텐츠,59114,0
00990396,2021,20220321001531,20220321,사업보고서 (2021.12),0,(주)레드우즈,콘텐츠,59114,0
00990396,2022,20230321001535,20230321,[첨부정정]사업보고서 (2022.12),1,(주)레드우즈,콘텐츠,59114,0
00990396,2022,20230321001515,20230321,사업보고서 (2022.12),0,(주)레드우즈,콘텐츠,59114,1
00990396,2023,20240328001858,20240328,사업보고서 (2023.12),0,(주)레드우즈,콘텐츠,59114,0
00990396,2024,20250321001825,20250321,사업보고서 (2024.12),0,(주)레드우즈,콘텐츠,59114,0
00990396,2025,20260407001696,20260407,사업보고서 (2025.12),0,(주)레드우즈,콘텐츠,59114,0
00990396,2025,20260320001181,20260320,사업보고서제출기한연장신고서 (2025.12),0,(주)레드우즈,콘텐츠,59114,1
00990819,2019,20200330004239,20200330,사업보고서 (2019.12),0,(주)아티스트스튜디오,콘텐츠,591,0
00990819,2020,20210323000528,20210323,사업보고서 (2020.12),0,(주)아티스트스튜디오,콘텐츠,591,0
00990819,2021,20220317000645,20220317,사업보고서 (2021.12),0,(주)아티스트스튜디오,콘텐츠,591,0
00990819,2022,20231128000776,20231128,[기재정정]사업보고서 (2022.12),1,(주)아티스트스튜디오,콘텐츠,591,0
00990819,2022,20230316000408,20230316,사업보고서 (2022.12),0,(주)아티스트스튜디오,콘텐츠,591,1
00990819,2023,20240320000794,20240320,사업보고서 (2023.12),0,(주)아티스트스튜디오,콘텐츠,591,0
00990819,2024,20250321001869,20250321,사업보고서 (2024.12),0,(주)아티스트스튜디오,콘텐츠,591,0
00990819,2025,20260319000260,20260319,사업보고서 (2025.12),0,(주)아티스트스튜디오,콘텐츠,591,0
00991225,2019,20200330002374,20200330,사업보고서 (2019.12),0,(주)더콘텐츠온,콘텐츠,59130,0
00991225,2020,20210323000244,20210323,사업보고서 (2020.12),0,(주)더콘텐츠온,콘텐츠,59130,0
00991225,2021,20220323000557,20220323,사업보고서 (2021.12),0,(주)더콘텐츠온,콘텐츠,59130,0
00991225,2022,20230323000274,20230323,사업보고서 (2022.12),0,(주)더콘텐츠온,콘텐츠,59130,0
00991225,2023,20240321001908,20240321,사업보고서 (2023.12),0,(주)더콘텐츠온,콘텐츠,59130,0
00991225,2023,20240319000877,20240320,사업보고서제출기한연장신고서 (2023.12),0,(주)더콘텐츠온,콘텐츠,59130,1
00991225,2024,20250321000964,20250321,사업보고서 (2024.12),0,(주)더콘텐츠온,콘텐츠,59130,0
00991225,2025,20260323001088,20260323,사업보고서 (2025.12),0,(주)더콘텐츠온,콘텐츠,59130,0
01008762,2019,20200330002626,20200330,사업보고서 (2019.12),0,데브시스터즈(주),게임,58212,0
01008762,2020,20210322001128,20210322,사업보고서 (2020.12),0,데브시스터즈(주),게임,58212,0
01008762,2021,20220321000880,20220321,사업보고서 (2021.12),0,데브시스터즈(주),게임,58212,0
01008762,2022,20230321000909,20230321,사업보고서 (2022.12),0,데브시스터즈(주),게임,58212,0
01008762,2023,20240319000774,20240319,사업보고서 (2023.12),0,데브시스터즈(주),게임,58212,0
01008762,2024,20250318001090,20250318,사업보고서 (2024.12),0,데브시스터즈(주),게임,58212,0
01008762,2025,20260316001364,20260316,사업보고서 (2025.12),0,데브시스터즈(주),게임,58212,0
01010110,2019,20200330001076,20200330,사업보고서 (2019.12),0,(주)더블유게임즈,게임,5821,0
01010110,2020,20210316000867,20210316,사업보고서 (2020.12),0,(주)더블유게임즈,게임,5821,0
01010110,2021,20220321000798,20220321,사업보고서 (2021.12),0,(주)더블유게임즈,게임,5821,0
01010110,2022,20230320000648,20230320,사업보고서 (2022.12),0,(주)더블유게임즈,게임,5821,0
01010110,2023,20240320001599,20240320,사업보고서 (2023.12),0,(주)더블유게임즈,게임,5821,0
01010110,2024,20250318001413,20250318,사업보고서 (2024.12),0,(주)더블유게임즈,게임,5821,0
01010110,2025,20260724000595,20260724,[기재정정]사업보고서 (2025.12),1,(주)더블유게임즈,게임,5821,0
01010110,2025,20260318001244,20260318,사업보고서 (2025.12),0,(주)더블유게임즈,게임,5821,1
01021949,2019,20200330004518,20200330,사업보고서 (2019.12),0,(주)덱스터스튜디오,콘텐츠,59120,0
01021949,2020,20210628000456,20210628,[기재정정]사업보고서 (2020.12),1,(주)덱스터스튜디오,콘텐츠,59120,0
01021949,2020,20210318001328,20210318,사업보고서 (2020.12),0,(주)덱스터스튜디오,콘텐츠,59120,1
01021949,2021,20221007000551,20221007,[기재정정]사업보고서 (2021.12),1,(주)덱스터스튜디오,콘텐츠,59120,0
01021949,2021,20220317001217,20220317,사업보고서 (2021.12),0,(주)덱스터스튜디오,콘텐츠,59120,1
01021949,2022,20230322001210,20230322,사업보고서 (2022.12),0,(주)덱스터스튜디오,콘텐츠,59120,0
01021949,2023,20240319000837,20240319,사업보고서 (2023.12),0,(주)덱스터스튜디오,콘텐츠,59120,0
01021949,2024,20250320001205,20250320,사업보고서 (2024.12),0,(주)덱스터스튜디오,콘텐츠,59120,0
01021949,2025,20260320000939,20260320,사업보고서 (2025.12),0,(주)덱스터스튜디오,콘텐츠,59120,0
01046203,2019,20200330004152,20200330,사업보고서 (2019.12),0,(주)로아앤코홀딩스,콘텐츠,901,0
01046203,2020,20210517000336,20210517,[기재정정]사업보고서 (2020.12),1,(주)로아앤코홀딩스,콘텐츠,901,0
01046203,2020,20210330001388,20210330,[첨부정정]사업보고서 (2020.12),1,(주)로아앤코홀딩스,콘텐츠,901,1
01046203,2020,20210319001133,20210319,사업보고서 (2020.12),0,(주)로아앤코홀딩스,콘텐츠,901,2
01046203,2021,20220324000004,20220324,사업보고서 (2021.12),0,(주)로아앤코홀딩스,콘텐츠,901,0
01046203,2021,20220321001532,20220321,사업보고서제출기한연장신고서 (2021.12),0,(주)로아앤코홀딩스,콘텐츠,901,1
01046203,2022,20240102000292,20240102,[첨부정정]사업보고서 (2022.12),1,(주)로아앤코홀딩스,콘텐츠,901,0
01046203,2022,20230407003525,20230407,사업보고서 (2022.12),0,(주)로아앤코홀딩스,콘텐츠,901,1
01046203,2022,20230321000769,20230321,사업보고서제출기한연장신고서 (2022.12),0,(주)로아앤코홀딩스,콘텐츠,901,2
01046203,2023,20240409003826,20240409,[기재정정]사업보고서 (2023.12),1,(주)로아앤코홀딩스,콘텐츠,901,0
01046203,2023,20240408004101,20240408,사업보고서 (2023.12),0,(주)로아앤코홀딩스,콘텐츠,901,1
01046203,2023,20240319000864,20240320,사업보고서제출기한연장신고서 (2023.12),0,(주)로아앤코홀딩스,콘텐츠,901,2
01046203,2024,20250814003087,20250814,[기재정정]사업보고서 (2024.12),1,(주)로아앤코홀딩스,콘텐츠,901,0
01046203,2024,20250407004235,20250407,사업보고서 (2024.12),0,(주)로아앤코홀딩스,콘텐츠,901,1
01046203,2024,20250320001415,20250320,사업보고서제출기한연장신고서 (2024.12),0,(주)로아앤코홀딩스,콘텐츠,901,2
01046203,2025,20260630000478,20260630,[기재정정]사업보고서 (2025.12),1,(주)로아앤코홀딩스,콘텐츠,901,0
01046203,2025,20260330001844,20260330,사업보고서 (2025.12),0,(주)로아앤코홀딩스,콘텐츠,901,1
01046203,2025,20260323000982,20260323,사업보고서제출기한연장신고서 (2025.12),0,(주)로아앤코홀딩스,콘텐츠,901,2
01047840,2019,20200330001867,20200330,사업보고서 (2019.12),0,미스터블루(주),콘텐츠,63991,0
01047840,2020,20210317001150,20210317,사업보고서 (2020.12),0,미스터블루(주),콘텐츠,63991,0
01047840,2021,20220316001231,20220316,사업보고서 (2021.12),0,미스터블루(주),콘텐츠,63991,0
01047840,2022,20240228007261,20240228,[기재정정]사업보고서 (2022.12),1,미스터블루(주),콘텐츠,63991,0
01047840,2022,20230315000944,20230315,[기재정정]사업보고서 (2022.12),1,미스터블루(주),콘텐츠,63991,1
01047840,2022,20230314001303,20230315,사업보고서 (2022.12),0,미스터블루(주),콘텐츠,63991,2
01047840,2023,20240313001753,20240313,사업보고서 (2023.12),0,미스터블루(주),콘텐츠,63991,0
01047840,2024,20250312000988,20250312,사업보고서 (2024.12),0,미스터블루(주),콘텐츠,63991,0
01047840,2025,20260312001016,20260312,사업보고서 (2025.12),0,미스터블루(주),콘텐츠,63991,0
01067516,2019,20200330004449,20200330,사업보고서 (2019.12),0,(주)골프존,게임,58219,0
01067516,2020,20210318001313,20210318,사업보고서 (2020.12),0,(주)골프존,게임,58219,0
01067516,2021,20220317001233,20220317,사업보고서 (2021.12),0,(주)골프존,게임,58219,0
01067516,2022,20230323001498,20230323,사업보고서 (2022.12),0,(주)골프존,게임,58219,0
01067516,2023,20240321001611,20240321,사업보고서 (2023.12),0,(주)골프존,게임,58219,0
01067516,2024,20250320001486,20250320,사업보고서 (2024.12),0,(주)골프존,게임,58219,0
01067516,2025,20260319001346,20260319,사업보고서 (2025.12),0,(주)골프존,게임,58219,0
01082418,2022,20231208000561,20231208,[기재정정]사업보고서 (2022.12),1,(주)에스에이엠지엔터테인먼트,콘텐츠,59112,0
01082418,2022,20230718000325,20230718,[기재정정]사업보고서 (2022.12),1,(주)에스에이엠지엔터테인먼트,콘텐츠,59112,1
01082418,2022,20230317000881,20230317,사업보고서 (2022.12),0,(주)에스에이엠지엔터테인먼트,콘텐츠,59112,2
01082418,2023,20240318000675,20240318,사업보고서 (2023.12),0,(주)에스에이엠지엔터테인먼트,콘텐츠,59112,0
01082418,2024,20250318001024,20250318,사업보고서 (2024.12),0,(주)에스에이엠지엔터테인먼트,콘텐츠,59112,0
01082418,2025,20260323000799,20260323,사업보고서 (2025.12),0,(주)에스에이엠지엔터테인먼트,콘텐츠,59112,0
01116502,2020,20210601000373,20210601,[기재정정]사업보고서 (2020.12),1,(주)아티스트컴퍼니,콘텐츠,901,0
01116502,2020,20210323000558,20210323,[첨부정정]사업보고서 (2020.12),1,(주)아티스트컴퍼니,콘텐츠,901,1
01116502,2020,20210322000002,20210322,사업보고서 (2020.12),0,(주)아티스트컴퍼니,콘텐츠,901,2
01116502,2021,20220322000825,20220322,사업보고서 (2021.12),0,(주)아티스트컴퍼니,콘텐츠,901,0
01116502,2022,20230323001176,20230323,[첨부정정]사업보고서 (2022.12),1,(주)아티스트컴퍼니,콘텐츠,901,0
01116502,2022,20230321001237,20230321,사업보고서 (2022.12),0,(주)아티스트컴퍼니,콘텐츠,901,1
01116502,2023,20240321001038,20240321,사업보고서 (2023.12),0,(주)아티스트컴퍼니,콘텐츠,901,0
01116502,2024,20250320001407,20250320,사업보고서 (2024.12),0,(주)아티스트컴퍼니,콘텐츠,901,0
01116502,2025,20260319001172,20260319,사업보고서 (2025.12),0,(주)아티스트컴퍼니,콘텐츠,901,0
01137383,2019,20200330004670,20200330,사업보고서 (2019.12),0,(주)카카오게임즈,게임,5821,0
01137383,2020,20210318001118,20210318,사업보고서 (2020.12),0,(주)카카오게임즈,게임,5821,0
01137383,2021,20220328000756,20220328,[기재정정]사업보고서 (2021.12),1,(주)카카오게임즈,게임,5821,0
01137383,2021,20220318000854,20220318,사업보고서 (2021.12),0,(주)카카오게임즈,게임,5821,1
01137383,2022,20230814002919,20230814,[기재정정]사업보고서 (2022.12),1,(주)카카오게임즈,게임,5821,0
01137383,2022,20230320000002,20230320,[기재정정]사업보고서 (2022.12),1,(주)카카오게임즈,게임,5821,1
01137383,2022,20230317001061,20230317,사업보고서 (2022.12),0,(주)카카오게임즈,게임,5821,2
01137383,2023,20240327001016,20240327,[기재정정]사업보고서 (2023.12),1,(주)카카오게임즈,게임,5821,0
01137383,2023,20240321000962,20240321,[기재정정]사업보고서 (2023.12),1,(주)카카오게임즈,게임,5821,1
01137383,2023,20240320002052,20240320,사업보고서 (2023.12),0,(주)카카오게임즈,게임,5821,2
01137383,2024,20250324000902,20250324,[기재정정]사업보고서 (2024.12),1,(주)카카오게임즈,게임,5821,0
01137383,2024,20250318001434,20250318,사업보고서 (2024.12),0,(주)카카오게임즈,게임,5821,1
01137383,2025,20260318001659,20260318,사업보고서 (2025.12),0,(주)카카오게임즈,게임,5821,0
01138364,2021,20220811000295,20220811,사업보고서 (2021.12),0,더핑크퐁컴퍼니(주),콘텐츠,591,0
01138364,2021,20220324000895,20220324,사업보고서제출기한연장신고서 (2021.12),0,더핑크퐁컴퍼니(주),콘텐츠,591,1
01138364,2022,20230330001787,20230330,사업보고서 (2022.12),0,더핑크퐁컴퍼니(주),콘텐츠,591,0
01138364,2023,20240328001529,20240328,사업보고서 (2023.12),0,더핑크퐁컴퍼니(주),콘텐츠,591,0
01138364,2024,20250321001826,20250321,사업보고서 (2024.12),0,더핑크퐁컴퍼니(주),콘텐츠,591,0
01138364,2025,20260323000936,20260323,사업보고서 (2025.12),0,더핑크퐁컴퍼니(주),콘텐츠,591,0
01139965,2022,20230322000651,20230322,사업보고서 (2022.12),0,주식회사 스튜디오미르,콘텐츠,59112,0
01139965,2023,20240315000518,20240315,사업보고서 (2023.12),0,주식회사 스튜디오미르,콘텐츠,59112,0
01139965,2024,20250313001376,20250313,사업보고서 (2024.12),0,주식회사 스튜디오미르,콘텐츠,59112,0
01139965,2025,20260330001828,20260330,[기재정정]사업보고서 (2025.12),1,주식회사 스튜디오미르,콘텐츠,59112,0
01139965,2025,20260313001324,20260313,사업보고서 (2025.12),0,주식회사 스튜디오미르,콘텐츠,59112,1
01152470,2019,20200327001721,20200327,사업보고서 (2019.12),0,주식회사 펄어비스,게임,58211,0
01152470,2020,20210322001111,20210322,사업보고서 (2020.12),0,주식회사 펄어비스,게임,58211,0
01152470,2021,20220322001101,20220322,사업보고서 (2021.12),0,주식회사 펄어비스,게임,58211,0
01152470,2022,20230322001273,20230322,사업보고서 (2022.12),0,주식회사 펄어비스,게임,58211,0
01152470,2023,20240329003109,20240329,[기재정정]사업보고서 (2023.12),1,주식회사 펄어비스,게임,58211,0
01152470,2023,20240321001941,20240321,사업보고서 (2023.12),0,주식회사 펄어비스,게임,58211,1
01152470,2024,20250319001130,20250319,사업보고서 (2024.12),0,주식회사 펄어비스,게임,58211,0
01152470,2025,20260319001336,20260319,사업보고서 (2025.12),0,주식회사 펄어비스,게임,58211,0
01168684,2019,20200330003939,20200330,사업보고서 (2019.12),0,스튜디오드래곤(주),콘텐츠,59114,0
01168684,2020,20210318001131,20210318,사업보고서 (2020.12),0,스튜디오드래곤(주),콘텐츠,59114,0
01168684,2021,20220321000889,20220321,사업보고서 (2021.12),0,스튜디오드래곤(주),콘텐츠,59114,0
01168684,2022,20230320000722,20230320,사업보고서 (2022.12),0,스튜디오드래곤(주),콘텐츠,59114,0
01168684,2023,20240318000577,20240318,사업보고서 (2023.12),0,스튜디오드래곤(주),콘텐츠,59114,0
01168684,2024,20250319000636,20250319,사업보고서 (2024.12),0,스튜디오드래곤(주),콘텐츠,59114,0
01168684,2025,20260318001699,20260318,사업보고서 (2025.12),0,스튜디오드래곤(주),콘텐츠,59114,0
01186404,2019,20200330001171,20200330,사업보고서 (2019.12),0,주식회사 디앤씨미디어,콘텐츠,581,0
01186404,2020,20210312000327,20210312,사업보고서 (2020.12),0,주식회사 디앤씨미디어,콘텐츠,581,0
01186404,2021,20220812000782,20220812,[기재정정]사업보고서 (2021.12),1,주식회사 디앤씨미디어,콘텐츠,581,0
01186404,2021,20220314000523,20220314,사업보고서 (2021.12),0,주식회사 디앤씨미디어,콘텐츠,581,1
01186404,2022,20230314000929,20230314,사업보고서 (2022.12),0,주식회사 디앤씨미디어,콘텐츠,581,0
01186404,2023,20240315000898,20240315,[기재정정]사업보고서 (2023.12),1,주식회사 디앤씨미디어,콘텐츠,581,0
01186404,2023,20240313001530,20240313,사업보고서 (2023.12),0,주식회사 디앤씨미디어,콘텐츠,581,1
01186404,2024,20250320001011,20250320,사업보고서 (2024.12),0,주식회사 디앤씨미디어,콘텐츠,581,0
01186404,2025,20260317000853,20260317,사업보고서 (2025.12),0,주식회사 디앤씨미디어,콘텐츠,581,0
01204056,2020,20210322000890,20210322,사업보고서 (2020.12),0,(주)하이브,콘텐츠,592,0
01204056,2021,20220322000653,20220322,사업보고서 (2021.12),0,(주)하이브,콘텐츠,592,0
01204056,2022,20230403004275,20230403,[기재정정]사업보고서 (2022.12),1,(주)하이브,콘텐츠,592,0
01204056,2022,20230322000744,20230322,사업보고서 (2022.12),0,(주)하이브,콘텐츠,592,1
01204056,2023,20240322001002,20240322,[기재정정]사업보고서 (2023.12),1,(주)하이브,콘텐츠,592,0
01204056,2023,20240322000254,20240322,사업보고서 (2023.12),0,(주)하이브,콘텐츠,592,1
01204056,2024,20250321001187,20250321,사업보고서 (2024.12),0,(주)하이브,콘텐츠,592,0
01204056,2025,20260320000802,20260320,사업보고서 (2025.12),0,(주)하이브,콘텐츠,592,0
01208821,2019,20200330001386,20200330,사업보고서 (2019.12),0,(주)팡스카이,게임,5821,0
01208821,2020,20210331003221,20210331,사업보고서 (2020.12),0,(주)팡스카이,게임,5821,0
01208821,2021,20220331003606,20220331,사업보고서 (2021.12),0,(주)팡스카이,게임,5821,0
01208821,2022,20230331002136,20230331,사업보고서 (2022.12),0,(주)팡스카이,게임,5821,0
01208821,2023,20240318000329,20240318,사업보고서 (2023.12),0,(주)팡스카이,게임,5821,0
01208821,2024,20250324000404,20250324,[기재정정]사업보고서제출기한연장신고서 (2024.12),1,(주)팡스카이,게임,5821,0
01208821,2024,20250407003922,20250407,사업보고서 (2024.12),0,(주)팡스카이,게임,5821,1
01208821,2024,20250320000206,20250320,사업보고서제출기한연장신고서 (2024.12),0,(주)팡스카이,게임,5821,2
01208821,2025,20260327000506,20260327,[기재정정]사업보고서 (2025.12),1,(주)팡스카이,게임,5821,0
01208821,2025,20260323001719,20260323,사업보고서 (2025.12),0,(주)팡스카이,게임,5821,1
01210190,2020,20210317001114,20210317,사업보고서 (2020.12),0,주식회사 모비릭스,게임,5821,0
01210190,2021,20220316000575,20220316,사업보고서 (2021.12),0,주식회사 모비릭스,게임,5821,0
01210190,2022,20230315001038,20230315,사업보고서 (2022.12),0,주식회사 모비릭스,게임,5821,0
01210190,2023,20240321002044,20240321,사업보고서 (2023.12),0,주식회사 모비릭스,게임,5821,0
01210190,2024,20250320001043,20250320,사업보고서 (2024.12),0,주식회사 모비릭스,게임,5821,0
01210190,2025,20260319001009,20260319,사업보고서 (2025.12),0,주식회사 모비릭스,게임,5821,0
01259056,2019,20200625000294,20200625,[기재정정]사업보고서 (2019.12),1,(주)애닉,게임,5821,0
01259056,2019,20200330002565,20200330,사업보고서 (2019.12),0,(주)애닉,게임,5821,1
01259056,2020,20210323000814,20210323,사업보고서 (2020.12),0,(주)애닉,게임,5821,0
01259056,2021,20220711000444,20220711,[기재정정]사업보고서 (2021.12),1,(주)애닉,게임,5821,0
01259056,2021,20220322000830,20220322,[기재정정]사업보고서 (2021.12),1,(주)애닉,게임,5821,1
01259056,2021,20220317001285,20220317,사업보고서 (2021.12),0,(주)애닉,게임,5821,2
01259056,2022,20240119000173,20240119,[기재정정]사업보고서 (2022.12),1,(주)애닉,게임,5821,0
01259056,2022,20230331003534,20230331,사업보고서 (2022.12),0,(주)애닉,게임,5821,1
01259056,2023,20240322000001,20240322,사업보고서 (2023.12),0,(주)애닉,게임,5821,0
01264438,2020,20210331003230,20210331,[기재정정]사업보고서 (2020.12),1,(주)자이언트스텝,콘텐츠,59113,0
01264438,2020,20210331001612,20210331,사업보고서 (2020.12),0,(주)자이언트스텝,콘텐츠,59113,1
01264438,2021,20220316001136,20220316,사업보고서 (2021.12),0,(주)자이언트스텝,콘텐츠,59113,0
01264438,2022,20230321000957,20230321,사업보고서 (2022.12),0,(주)자이언트스텝,콘텐츠,59113,0
01264438,2023,20240320001482,20240320,사업보고서 (2023.12),0,(주)자이언트스텝,콘텐츠,59113,0
01264438,2024,20250321001478,20250321,사업보고서 (2024.12),0,(주)자이언트스텝,콘텐츠,59113,0
01264438,2025,20260323001226,20260323,사업보고서 (2025.12),0,(주)자이언트스텝,콘텐츠,59113,0
01267222,2019,20200401003211,20200402,[기재정정]사업보고서 (2019.12),1,(주)에피소드컴퍼니,콘텐츠,59111,0
01267222,2019,20200330004786,20200330,사업보고서 (2019.12),0,(주)에피소드컴퍼니,콘텐츠,59111,1
01267222,2020,20210604000392,20210604,[기재정정]사업보고서 (2020.12),1,(주)에피소드컴퍼니,콘텐츠,59111,0
01267222,2020,20210323000879,20210323,사업보고서 (2020.12),0,(주)에피소드컴퍼니,콘텐츠,59111,1
01267222,2021,20220323000782,20220323,사업보고서 (2021.12),0,(주)에피소드컴퍼니,콘텐츠,59111,0
01267222,2022,20230322001076,20230322,사업보고서 (2022.12),0,(주)에피소드컴퍼니,콘텐츠,59111,0
01267222,2023,20240321001449,20240321,사업보고서 (2023.12),0,(주)에피소드컴퍼니,콘텐츠,59111,0
01267222,2024,20250320001430,20250320,[기재정정]사업보고서 (2024.12),1,(주)에피소드컴퍼니,콘텐츠,59111,0
01267222,2024,20250320001136,20250320,사업보고서 (2024.12),0,(주)에피소드컴퍼니,콘텐츠,59111,1
01267222,2025,20260323001660,20260323,사업보고서 (2025.12),0,(주)에피소드컴퍼니,콘텐츠,59111,0
01276327,2019,20200330002539,20200330,사업보고서 (2019.12),0,(주)위지윅스튜디오,콘텐츠,59120,0
01276327,2020,20220318001092,20220318,[기재정정]사업보고서 (2020.12),1,(주)위지윅스튜디오,콘텐츠,59120,0
01276327,2020,20210514001186,20210514,[기재정정]사업보고서 (2020.12),1,(주)위지윅스튜디오,콘텐츠,59120,1
01276327,2020,20210322000930,20210322,사업보고서 (2020.12),0,(주)위지윅스튜디오,콘텐츠,59120,2
01276327,2021,20220812001301,20220812,[기재정정]사업보고서 (2021.12),1,(주)위지윅스튜디오,콘텐츠,59120,0
01276327,2021,20220318001118,20220318,사업보고서 (2021.12),0,(주)위지윅스튜디오,콘텐츠,59120,1
01276327,2022,20230316001489,20230316,사업보고서 (2022.12),0,(주)위지윅스튜디오,콘텐츠,59120,0
01276327,2023,20240724000502,20240724,[기재정정]사업보고서 (2023.12),1,(주)위지윅스튜디오,콘텐츠,59120,0
01276327,2023,20240320002041,20240320,사업보고서 (2023.12),0,(주)위지윅스튜디오,콘텐츠,59120,1
01276327,2024,20250319001066,20250319,사업보고서 (2024.12),0,(주)위지윅스튜디오,콘텐츠,59120,0
01276327,2025,20260319000952,20260319,사업보고서 (2025.12),0,(주)위지윅스튜디오,콘텐츠,59120,0
01290248,2021,20230306000004,20230306,[기재정정]사업보고서 (2021.12),1,(주)스코넥엔터테인먼트,게임,5821,0
01290248,2021,20220324000892,20220324,[기재정정]사업보고서 (2021.12),1,(주)스코넥엔터테인먼트,게임,5821,1
01290248,2021,20220323000018,20220323,사업보고서 (2021.12),0,(주)스코넥엔터테인먼트,게임,5821,2
01290248,2022,20230331001392,20230331,[기재정정]사업보고서 (2022.12),1,(주)스코넥엔터테인먼트,게임,5821,0
01290248,2022,20230322001208,20230322,사업보고서 (2022.12),0,(주)스코넥엔터테인먼트,게임,5821,1
01290248,2023,20240401004364,20240401,[기재정정]사업보고서 (2023.12),1,(주)스코넥엔터테인먼트,게임,5821,0
01290248,2023,20240320001704,20240320,사업보고서 (2023.12),0,(주)스코넥엔터테인먼트,게임,5821,1
01290248,2024,20250320001446,20250320,사업보고서 (2024.12),0,(주)스코넥엔터테인먼트,게임,5821,0
01290248,2025,20260407003656,20260408,사업보고서 (2025.12),0,(주)스코넥엔터테인먼트,게임,5821,0
01290248,2025,20260323001524,20260323,사업보고서제출기한연장신고서 (2025.12),0,(주)스코넥엔터테인먼트,게임,5821,1
01303029,2021,20220324000696,20220324,[기재정정]사업보고서 (2021.12),1,주식회사 알비더블유,콘텐츠,59201,0
01303029,2021,20220323001344,20220323,사업보고서 (2021.12),0,주식회사 알비더블유,콘텐츠,59201,1
01303029,2022,20230323000924,20230323,사업보고서 (2022.12),0,주식회사 알비더블유,콘텐츠,59201,0
01303029,2023,20240321001770,20240321,사업보고서 (2023.12),0,주식회사 알비더블유,콘텐츠,59201,0
01303029,2024,20250321001127,20250321,사업보고서 (2024.12),0,주식회사 알비더블유,콘텐츠,59201,0
01303029,2025,20260323001630,20260323,사업보고서 (2025.12),0,주식회사 알비더블유,콘텐츠,59201,0
01335578,2019,20200331001264,20200331,[기재정정]사업보고서 (2019.12),1,(주)애니플러스,콘텐츠,591,0
01335578,2019,20200326000104,20200326,사업보고서 (2019.12),0,(주)애니플러스,콘텐츠,591,1
01335578,2020,20210416000639,20210416,[기재정정]사업보고서 (2020.12),1,(주)애니플러스,콘텐츠,591,0
01335578,2020,20210322000859,20210322,사업보고서 (2020.12),0,(주)애니플러스,콘텐츠,591,1
01335578,2021,20220812001109,20220812,[기재정정]사업보고서 (2021.12),1,(주)애니플러스,콘텐츠,591,0
01335578,2021,20220322000803,20220322,사업보고서 (2021.12),0,(주)애니플러스,콘텐츠,591,1
01335578,2022,20230322000689,20230322,사업보고서 (2022.12),0,(주)애니플러스,콘텐츠,591,0
01335578,2023,20240321002010,20240321,사업보고서 (2023.12),0,(주)애니플러스,콘텐츠,591,0
01335578,2024,20250327000729,20250327,[기재정정]사업보고서 (2024.12),1,(주)애니플러스,콘텐츠,591,0
01335578,2024,20250321001690,20250321,사업보고서 (2024.12),0,(주)애니플러스,콘텐츠,591,1
01335578,2025,20260323000867,20260323,사업보고서 (2025.12),0,(주)애니플러스,콘텐츠,591,0
01338724,2020,20201130001170,20201130,사업보고서 (2020.07),0,주식회사 에스앤케이,게임,5821,0
01338724,2021,20211123000349,20211123,사업보고서 (2021.07),0,주식회사 에스앤케이,게임,5821,0
01338724,2022,20221125000109,20221125,사업보고서 (2022.07),0,주식회사 에스앤케이,게임,5821,0
01343735,2019,20200820000176,20200820,사업보고서 (2019.12),0,주식회사 데이드림엔터테인먼트,콘텐츠,591,0
01343735,2020,20210318000039,20210318,사업보고서 (2020.12),0,주식회사 데이드림엔터테인먼트,콘텐츠,591,0
01343735,2021,20220318000173,20220318,사업보고서 (2021.12),0,주식회사 데이드림엔터테인먼트,콘텐츠,591,0
01343735,2022,20230321000034,20230321,사업보고서 (2022.12),0,주식회사 데이드림엔터테인먼트,콘텐츠,591,0
01364297,2019,20200327001053,20200327,사업보고서 (2019.12),0,(주)코퍼스코리아,콘텐츠,591,0
01364297,2020,20210323000990,20210323,사업보고서 (2020.12),0,(주)코퍼스코리아,콘텐츠,591,0
01364297,2021,20220323001181,20220323,사업보고서 (2021.12),0,(주)코퍼스코리아,콘텐츠,591,0
01364297,2022,20230323001406,20230323,사업보고서 (2022.12),0,(주)코퍼스코리아,콘텐츠,591,0
01364297,2023,20240321001856,20240321,사업보고서 (2023.12),0,(주)코퍼스코리아,콘텐츠,591,0
01364297,2024,20250321000804,20250321,사업보고서 (2024.12),0,(주)코퍼스코리아,콘텐츠,591,0
01364297,2025,20260323001198,20260323,사업보고서 (2025.12),0,(주)코퍼스코리아,콘텐츠,591,0
01384787,2024,20250319000952,20250319,사업보고서 (2024.12),0,(주)시프트업,게임,58212,0
01384787,2025,20260318001672,20260318,사업보고서 (2025.12),0,(주)시프트업,게임,58212,0
01406265,2023,20240321001165,20240321,사업보고서 (2023.12),0,주식회사 와이랩,콘텐츠,591,0
01406265,2024,20250711000378,20250711,[기재정정]사업보고서 (2024.12),1,주식회사 와이랩,콘텐츠,591,0
01406265,2024,20250321001681,20250321,사업보고서 (2024.12),0,주식회사 와이랩,콘텐츠,591,1
01406265,2025,20260323000281,20260323,사업보고서 (2025.12),0,주식회사 와이랩,콘텐츠,591,0
01416235,2020,20210318001249,20210318,사업보고서 (2020.12),0,고스트스튜디오(주),게임,58212,0
01416235,2021,20220322000873,20220322,사업보고서 (2021.12),0,고스트스튜디오(주),게임,58212,0
01416235,2022,20230322001333,20230322,사업보고서 (2022.12),0,고스트스튜디오(주),게임,58212,0
01416235,2023,20241025000138,20241025,[기재정정]사업보고서 (2023.12),1,고스트스튜디오(주),게임,58212,0
01416235,2023,20240328001678,20240328,[기재정정]사업보고서 (2023.12),1,고스트스튜디오(주),게임,58212,1
01416235,2023,20240321001690,20240321,사업보고서 (2023.12),0,고스트스튜디오(주),게임,58212,2
01416235,2024,20250320001365,20250320,사업보고서 (2024.12),0,고스트스튜디오(주),게임,58212,0
01416235,2025,20260320001080,20260320,사업보고서 (2025.12),0,고스트스튜디오(주),게임,58212,0
01467451,2023,20240320000861,20240320,[기재정정]사업보고서 (2023.12),1,(주)케이티밀리의서재,콘텐츠,581,0
01467451,2023,20240320000696,20240320,사업보고서 (2023.12),0,(주)케이티밀리의서재,콘텐츠,581,1
01467451,2024,20250321000901,20250321,사업보고서 (2024.12),0,(주)케이티밀리의서재,콘텐츠,581,0
01467451,2025,20260323000748,20260323,사업보고서 (2025.12),0,(주)케이티밀리의서재,콘텐츠,581,0
01508855,2020,20210517002196,20210517,[기재정정]사업보고서 (2020.12),1,(주)블리츠웨이엔터테인먼트,콘텐츠,901,0
01508855,2020,20210308000511,20210308,사업보고서 (2020.12),0,(주)블리츠웨이엔터테인먼트,콘텐츠,901,1
01508855,2021,20220323000789,20220323,사업보고서 (2021.12),0,(주)블리츠웨이엔터테인먼트,콘텐츠,901,0
01508855,2022,20230323000948,20230323,사업보고서 (2022.12),0,(주)블리츠웨이엔터테인먼트,콘텐츠,901,0
01508855,2023,20240321000884,20240321,사업보고서 (2023.12),0,(주)블리츠웨이엔터테인먼트,콘텐츠,901,0
01508855,2024,20250320001201,20250320,사업보고서 (2024.12),0,(주)블리츠웨이엔터테인먼트,콘텐츠,901,0
01508855,2025,20260319001297,20260319,사업보고서 (2025.12),0,(주)블리츠웨이엔터테인먼트,콘텐츠,901,0
01513699,2022,20230322001176,20230322,사업보고서 (2022.12),0,주식회사 포바이포,콘텐츠,59113,0
01513699,2023,20240419000671,20240419,[기재정정]사업보고서 (2023.12),1,주식회사 포바이포,콘텐츠,59113,0
01513699,2023,20240321002066,20240321,[기재정정]사업보고서 (2023.12),1,주식회사 포바이포,콘텐츠,59113,1
01513699,2023,20240321002016,20240321,사업보고서 (2023.12),0,주식회사 포바이포,콘텐츠,59113,2
01513699,2024,20250321001782,20250321,사업보고서 (2024.12),0,주식회사 포바이포,콘텐츠,59113,0
01513699,2025,20260320001166,20260320,사업보고서 (2025.12),0,주식회사 포바이포,콘텐츠,59113,0
01518506,2023,20241104000113,20241104,사업보고서 (2023.12),0,(주)타조이엔터테인먼트,콘텐츠,901,0
01518506,2024,20250319000477,20250319,사업보고서 (2024.12),0,(주)타조이엔터테인먼트,콘텐츠,901,0
01518506,2025,20260318000477,20260318,사업보고서 (2025.12),0,(주)타조이엔터테인먼트,콘텐츠,901,0
01584934,2022,20230316001168,20230316,사업보고서 (2022.12),0,(주)핑거스토리,콘텐츠,63991,0
01584934,2023,20240314001059,20240314,사업보고서 (2023.12),0,(주)핑거스토리,콘텐츠,63991,0
01584934,2024,20250313000610,20250313,사업보고서 (2024.12),0,(주)핑거스토리,콘텐츠,63991,0
01584934,2025,20260319000995,20260319,사업보고서 (2025.12),0,(주)핑거스토리,콘텐츠,63991,0
01605282,2024,20250318001030,20250318,사업보고서 (2024.12),0,(주)닷밀,콘텐츠,591,0
01605282,2025,20260318000719,20260318,사업보고서 (2025.12),0,(주)닷밀,콘텐츠,591,0
01703849,2024,20250509000006,20250509,[기재정정]사업보고서 (2024.12),1,(주)노머스,콘텐츠,90199,0
01703849,2024,20250321001223,20250321,사업보고서 (2024.12),0,(주)노머스,콘텐츠,90199,1
01703849,2025,20260324001029,20260324,사업보고서 (2025.12),0,(주)노머스,콘텐츠,90199,0
01704680,2024,20250320001408,20250320,사업보고서 (2024.12),0,(주)엠83,콘텐츠,59111,0
01704680,2025,20260320000986,20260320,사업보고서 (2025.12),0,(주)엠83,콘텐츠,59111,0
